fecha,R,G,B,Intensidad,R_norm,G_norm,B_norm,RG_ratio,RB_ratio,BG_ratio,Etiqueta
2025-10-20 14:52:08,5134.729754544898,3417.6443267467916,3684.3851018973996,12236.75918318909,0.42,0.279,0.301,1.502,1.394,1.078,0
2025-10-20 14:52:11,4377.730925790627,3077.9364496954577,3649.7598329272537,11105.427208413339,0.394,0.277,0.329,1.422,1.199,1.186,0
2025-10-20 14:52:13,3248.6283014483774,3462.646743168497,3857.3633144801584,10568.638359097033,0.307,0.328,0.365,0.938,0.842,1.114,0
2025-10-20 14:52:38,1967.355707216398,1435.6434084646849,1668.5446046742913,5071.543720355374,0.388,0.283,0.329,1.37,1.179,1.162,0
2025-10-20 14:52:40,2543.3126155898494,1790.5246531483458,1996.146963639825,6329.98423237802,0.402,0.283,0.315,1.42,1.274,1.115,0
2025-10-20 14:52:42,2517.664995948258,1680.9153391443742,1915.4259618677931,6114.006296960426,0.412,0.275,0.313,1.498,1.314,1.14,0
2025-10-20 14:52:43,2605.3195850673956,1784.7342666269521,1995.007610350076,6385.061462044424,0.408,0.28,0.312,1.46,1.306,1.118,0
2025-10-20 14:52:45,2582.540483960347,1737.347361444785,1928.9477557027226,6248.835601107854,0.413,0.278,0.309,1.486,1.339,1.11,0
2025-10-20 14:52:50,4310.914229919317,2873.8935900510464,2881.3959399580945,10066.203759928458,0.428,0.285,0.286,1.5,1.496,1.003,0
2025-10-20 14:52:52,3446.42892358258,2379.476938787088,2126.982935672811,7952.888798042479,0.433,0.299,0.267,1.448,1.62,0.894,0
2025-10-20 14:52:54,6557.698561601001,4521.429418422897,4813.017384818406,15892.145364842303,0.413,0.285,0.303,1.45,1.362,1.064,0
2025-10-20 14:52:56,8250.81931739943,5338.9816700611,5686.035382634041,19275.83637009457,0.428,0.277,0.295,1.545,1.451,1.065,0
2025-10-20 14:52:58,8596.646853863496,5692.208726335075,5848.980616371497,20137.836196570068,0.427,0.283,0.29,1.51,1.47,1.028,0
2025-10-20 14:53:01,8145.070395183999,5439.377512644274,5684.108957853367,19268.55686568164,0.423,0.282,0.295,1.497,1.433,1.045,0
2025-10-20 14:53:02,8052.033019773469,5578.273706609922,5613.361884368308,19243.668610751698,0.418,0.29,0.292,1.443,1.434,1.006,0
2025-10-20 14:53:04,8223.319282423292,5484.18410041841,5836.77150013916,19544.274882980862,0.421,0.281,0.299,1.499,1.409,1.064,0
2025-10-20 14:53:17,11326.772886848501,7400.624614027349,7597.000543379822,26324.39804425567,0.43,0.281,0.289,1.531,1.491,1.027,0
2025-10-20 14:53:19,10671.17160666582,6979.455861552542,7041.557961890372,24692.185430108733,0.432,0.283,0.285,1.529,1.515,1.009,0
2025-10-20 14:53:21,10139.741327208993,6395.706007929247,6635.507040025313,23170.954375163554,0.438,0.276,0.286,1.585,1.528,1.037,0
2025-10-20 14:53:23,4748.7166713840925,6927.009083402147,6870.839544598247,18546.565299384485,0.256,0.373,0.37,0.686,0.691,0.992,0
2025-10-20 14:53:25,10833.795686426449,7288.737509774959,7447.272727272727,25569.805923474138,0.424,0.285,0.291,1.486,1.455,1.022,0
2025-10-20 14:53:30,11925.800398066534,7499.8730442557,7792.483046911287,27218.15648923352,0.438,0.276,0.286,1.59,1.53,1.039,0
2025-10-20 14:53:32,10959.770054873268,7096.3607139835885,7532.197180569274,25588.32794942613,0.428,0.277,0.294,1.544,1.455,1.061,0
2025-10-20 14:53:33,11184.810666666666,7269.787676575093,7593.562053046076,26048.160396287836,0.429,0.279,0.292,1.539,1.473,1.045,0
2025-10-20 14:53:35,10978.416437639053,7127.7151839578555,7298.2495214894725,25404.381143086383,0.432,0.281,0.287,1.54,1.504,1.024,0
2025-10-20 14:53:36,11275.010752688173,7531.5209193751125,7717.210671573137,26523.74234363642,0.425,0.284,0.291,1.497,1.461,1.025,0
2025-10-20 14:53:38,12004.304522037779,7463.838419788237,7933.240022697182,27401.382964523196,0.438,0.272,0.29,1.608,1.513,1.063,0
2025-10-20 14:53:40,11668.671581582974,7451.903704361731,7553.221681973708,26673.796967918413,0.437,0.279,0.283,1.566,1.545,1.014,0
2025-10-20 14:53:41,10843.598759048604,7368.122968818621,7691.031447694141,25902.753175561367,0.419,0.284,0.297,1.472,1.41,1.044,0
2025-10-20 14:53:43,11724.120195667365,7386.288632561416,7799.72849837285,26910.13732660163,0.436,0.274,0.29,1.587,1.503,1.056,0
2025-10-20 14:53:44,10824.010322580645,6803.964636223538,6955.151314153055,24583.126272957237,0.44,0.277,0.283,1.591,1.556,1.022,0
2025-10-20 14:53:45,10572.987143937484,6788.5473820506595,6965.546790666777,24327.08131665492,0.435,0.279,0.286,1.557,1.518,1.026,0
2025-10-20 14:53:46,10302.883812331123,6744.880598215003,7099.964451967838,24147.728862513963,0.427,0.279,0.294,1.528,1.451,1.053,0
2025-10-20 14:53:47,10849.208484221417,6970.756190792754,7344.254946594292,25164.219621608463,0.431,0.277,0.292,1.556,1.477,1.054,0
2025-10-20 14:53:48,9647.622771707878,6422.146685040576,6541.334996880849,22611.104453629305,0.427,0.284,0.289,1.502,1.475,1.019,0
2025-10-20 14:53:49,5679.106357050979,3035.830920671685,3421.966223382557,12136.90350110522,0.468,0.25,0.282,1.871,1.66,1.127,0
2025-10-20 14:53:51,3412.361387951023,2132.4981569514707,2280.380579568314,7825.240124470808,0.436,0.273,0.291,1.6,1.496,1.069,0
2025-10-20 14:53:52,789.1966545304018,2289.5297360735826,2460.579608119207,5539.305998723192,0.142,0.413,0.444,0.345,0.321,1.075,0
2025-10-20 14:53:53,3922.6598082768296,2700.427504506825,3161.217968043413,9784.305280827068,0.401,0.276,0.323,1.453,1.241,1.171,0
2025-10-20 14:53:58,4750.599161852984,3014.3404362355814,3343.1404431691376,11108.080041257703,0.428,0.271,0.301,1.576,1.421,1.109,0
2025-10-20 14:53:59,2864.5704138778856,1834.899052868736,2459.4253547554827,7158.894821502104,0.4,0.256,0.344,1.561,1.165,1.34,0
2025-10-20 14:54:00,3853.2880110243455,2521.2214474633324,2775.1118168585417,9149.62127534622,0.421,0.276,0.303,1.528,1.389,1.101,0
2025-10-20 14:54:02,4297.882979813506,2846.587261189725,3067.917931463263,10212.388172466493,0.421,0.279,0.3,1.51,1.401,1.078,0
2025-10-20 14:54:22,1233.038570084666,1212.4368387581662,1391.514829805587,3836.990238648419,0.321,0.316,0.363,1.017,0.886,1.148,0
2025-10-20 14:54:25,1495.1622850013368,1079.114953174848,1255.3849837625896,3829.6622219387746,0.39,0.282,0.328,1.386,1.191,1.163,0
2025-10-20 14:54:27,1446.685867034578,1081.0479786589688,1245.2472352111631,3772.98108090471,0.383,0.287,0.33,1.338,1.162,1.152,0
2025-10-20 14:54:28,2670.0856224337144,3132.1813158091254,3884.6938964527185,9686.960834695557,0.276,0.323,0.401,0.852,0.687,1.24,0
2025-10-20 14:54:29,5380.071831708568,846.8551122597319,3777.2910662824206,10004.21801025072,0.538,0.085,0.378,6.353,1.424,4.46,0
2025-10-20 14:54:30,5496.041407324903,3670.1995099754986,3931.1157973663244,13097.356714666726,0.42,0.28,0.3,1.497,1.398,1.071,0
2025-10-20 14:54:31,4819.100361923364,3211.442134680908,3460.6468646864687,11491.18936129074,0.419,0.279,0.301,1.501,1.393,1.078,0
2025-10-20 14:54:32,3594.244826256481,2150.1532783103503,2077.931136982908,7822.32924154974,0.459,0.275,0.266,1.672,1.73,0.966,0
2025-10-20 14:54:33,1547.8850057201905,1088.3695102173208,1250.165126676602,3886.4196426141134,0.398,0.28,0.322,1.422,1.238,1.149,0
2025-10-20 14:54:34,1636.5141731208178,1155.789966794803,1320.4999527752416,4112.8040926908625,0.398,0.281,0.321,1.416,1.239,1.143,0
2025-10-20 14:54:35,1541.7401213012313,1212.64716086504,1329.0989463677415,4083.4862285340128,0.378,0.297,0.325,1.271,1.16,1.096,0
2025-10-20 14:54:36,1559.1338772930878,1130.205060494193,1298.4255332322075,3987.764471019488,0.391,0.283,0.326,1.38,1.201,1.149,0
2025-10-20 14:54:37,1629.7103335729412,1158.3115394705956,1308.1853908053147,4096.207263848852,0.398,0.283,0.319,1.407,1.246,1.129,0
2025-10-20 14:54:38,1591.434046024549,1110.750244961733,1267.5059683901968,3969.6902593764785,0.401,0.28,0.319,1.433,1.256,1.141,0
2025-10-20 14:54:39,1376.0839895013123,1209.674386410175,1323.1869015884033,3908.945277499891,0.352,0.309,0.339,1.138,1.04,1.094,0
2025-10-20 14:54:40,1642.53842689589,1225.652084977061,1305.376116522984,4173.5666283959345,0.394,0.294,0.313,1.34,1.258,1.065,0
2025-10-20 14:54:41,1526.0060759309454,1115.239437368715,1251.097390007457,3892.342903307117,0.392,0.287,0.321,1.368,1.22,1.122,0
2025-10-20 14:54:42,1498.3135370711059,1079.5037833942451,1221.9029307230671,3799.7202511884184,0.394,0.284,0.322,1.388,1.226,1.132,0
2025-10-20 14:54:43,1493.6182184000143,1148.6208785190054,1672.103332801786,4314.342429720806,0.346,0.266,0.388,1.3,0.893,1.456,0
2025-10-20 14:54:43,5416.198347107438,3561.134318220411,3891.722570169334,12869.055235497184,0.421,0.277,0.302,1.521,1.392,1.093,0
2025-10-20 14:54:44,5550.5908820221,3636.7848781756697,4612.419860339804,13799.795620537574,0.402,0.264,0.334,1.526,1.203,1.268,0
2025-10-20 14:54:48,6192.682710763325,3877.5113247665713,4844.705746462605,14914.899781992503,0.415,0.26,0.325,1.597,1.278,1.249,0
2025-10-20 14:54:49,4641.25705433219,3486.536990856193,4681.926661829548,12809.72070701793,0.362,0.272,0.365,1.331,0.991,1.343,0
2025-10-20 14:54:50,4668.637577916295,3672.77057793345,4438.651780517488,12780.059936367234,0.365,0.287,0.347,1.271,1.052,1.209,0
2025-10-20 14:54:52,11146.170608557002,12007.741196679073,15750.296657904619,38904.20846314069,0.287,0.309,0.405,0.928,0.708,1.312,0
2025-10-20 14:54:54,18662.086763070078,11445.774321189794,13785.71569433032,43893.57677859019,0.425,0.261,0.314,1.63,1.354,1.204,0
2025-10-20 14:54:55,5846.127256254791,7635.725468778445,12987.471744852144,26469.32446988538,0.221,0.288,0.491,0.766,0.45,1.701,0
2025-10-20 14:54:56,6055.882183078256,7843.485741000468,12838.396082032446,26737.76400611117,0.226,0.293,0.48,0.772,0.472,1.637,0
2025-10-20 14:54:57,9698.933980807029,9462.614777213763,14364.054794520547,33525.60355254134,0.289,0.282,0.428,1.025,0.675,1.518,0
2025-10-20 14:54:58,14366.514814180511,10562.336942835558,14571.14469341671,39499.99645043278,0.364,0.267,0.369,1.36,0.986,1.38,0
2025-10-20 14:54:59,10387.082714214957,4983.430166933998,8326.98828667858,23697.501167827533,0.438,0.21,0.351,2.084,1.247,1.671,0
2025-10-20 14:55:00,15196.753623188406,8996.791076791076,6344.911882610998,30538.45658259048,0.498,0.295,0.208,1.689,2.395,0.705,0
2025-10-20 14:55:02,7019.755648535564,6528.099610894942,11573.686534216336,25121.541793646844,0.279,0.26,0.461,1.075,0.607,1.773,0
2025-10-20 14:55:03,19328.589861751152,11645.991947799528,14642.359923197766,45616.94173274845,0.424,0.255,0.321,1.66,1.32,1.257,0
2025-10-20 14:55:04,8760.033416875522,11455.152260002731,14657.710990739122,34872.89666761737,0.251,0.328,0.42,0.765,0.598,1.28,0
2025-10-20 14:55:05,13273.113924050633,10807.276475135275,13628.93257514216,37709.32297432807,0.352,0.287,0.361,1.228,0.974,1.261,0
2025-10-20 14:55:08,12589.836410025515,6436.930632289748,4508.792260145122,23535.559302460384,0.535,0.273,0.192,1.956,2.792,0.7,0
2025-10-20 14:55:09,12030.127635164205,4302.512181361235,8666.812687261081,24999.45250378652,0.481,0.172,0.347,2.796,1.388,2.014,0
2025-10-20 14:55:10,15875.4882664648,12104.773448773449,16203.608267336294,44183.86998257454,0.359,0.274,0.367,1.312,0.98,1.339,0
2025-10-20 14:55:11,9886.39717147908,4455.626493865194,9662.06864777701,24004.092313121284,0.412,0.186,0.403,2.219,1.023,2.169,0
2025-10-20 14:55:12,16991.306461413813,12319.882508444705,5793.237569060773,35104.42653891929,0.484,0.351,0.165,1.379,2.933,0.47,0
2025-10-20 14:55:13,16091.709188567043,10676.604301896397,16048.609144824948,42816.92263528839,0.376,0.249,0.375,1.507,1.003,1.503,0
2025-10-20 14:55:14,16697.070063694267,13436.822040685567,18558.867256637168,48692.759361017,0.343,0.276,0.381,1.243,0.9,1.381,0
2025-10-20 14:55:15,13338.540308475116,8421.45166147977,5779.666528868678,27539.658498823563,0.484,0.306,0.21,1.584,2.308,0.686,0
2025-10-20 14:55:16,7704.452608376194,6674.045667913119,6387.427092058174,20765.925368347485,0.371,0.321,0.308,1.154,1.206,0.957,0
2025-10-20 14:55:17,6956.304834563397,6342.513231513685,6222.079810117193,19520.897876194274,0.356,0.325,0.319,1.097,1.118,0.981,0
2025-10-20 14:55:17,8208.83452392602,6407.430491903452,5184.233360113713,19800.498375943185,0.415,0.324,0.262,1.281,1.583,0.809,0
2025-10-20 14:55:18,10663.0329223338,6326.727505845086,5018.0104085661305,22007.770836745014,0.485,0.287,0.228,1.685,2.125,0.793,0
2025-10-20 14:55:19,9570.573873359954,5809.687651499411,5004.538837847512,20384.800362706876,0.469,0.285,0.246,1.647,1.912,0.861,0
2025-10-20 14:55:20,7950.533598711023,5255.0322621061205,8811.563025210084,22017.128886027225,0.361,0.239,0.4,1.513,0.902,1.677,0
2025-10-20 14:55:21,5796.039521868306,6903.635914739528,11464.54557878912,24164.221015396957,0.24,0.286,0.474,0.84,0.506,1.661,0
2025-10-20 14:55:22,4220.046282322165,3063.772096420745,3125.762193985915,10409.580572728824,0.405,0.294,0.3,1.377,1.35,1.02,0
2025-10-20 14:55:23,5009.918776875299,3472.3934100505007,4131.912126884051,12614.22431380985,0.397,0.275,0.328,1.443,1.212,1.19,0
2025-10-20 14:55:24,5339.661362189688,3762.045026459772,4068.5847317877583,13170.291120437218,0.405,0.286,0.309,1.419,1.312,1.081,0
2025-10-20 14:55:25,4817.439843794866,3696.887752853554,4015.032786100608,12529.360382749028,0.384,0.295,0.32,1.303,1.2,1.086,0
2025-10-20 14:55:26,4810.809198830074,2863.397050791917,3700.1490891447224,11374.355338766714,0.423,0.252,0.325,1.68,1.3,1.292,0
2025-10-20 14:55:27,4704.50787953564,3286.2994593747553,3673.413907864775,11664.22124677517,0.403,0.282,0.315,1.432,1.281,1.118,0
2025-10-20 14:55:28,4986.392438922903,3437.6723219408245,3675.1842278203726,12099.248988684101,0.412,0.284,0.304,1.451,1.357,1.069,0
2025-10-20 14:55:29,4687.9445624231585,2759.592078426212,3649.4422692073435,11096.978910056714,0.422,0.249,0.329,1.699,1.285,1.322,0
2025-10-20 14:55:30,4848.345855970408,3481.906026896895,3644.3687548874796,11974.620637754782,0.405,0.291,0.304,1.392,1.33,1.047,0
2025-10-20 14:55:31,2803.3980550078536,2816.9542294905805,3661.3888525162583,9281.741137014693,0.302,0.303,0.394,0.995,0.766,1.3,0
2025-10-20 14:55:32,8595.765959627011,4187.812890020468,4968.671444648463,17752.250294295944,0.484,0.236,0.28,2.053,1.73,1.186,0
2025-10-20 14:55:33,2979.7556123898835,2370.6008025772903,3025.8658875302094,8376.222302497383,0.356,0.283,0.361,1.257,0.985,1.276,0
2025-10-20 14:55:34,3187.0400060787965,2575.404642023824,3286.556965992791,9049.001614095412,0.352,0.285,0.363,1.237,0.97,1.276,0
2025-10-20 14:55:35,5954.857670192376,3484.2199700947003,4513.15865927799,13952.236299565066,0.427,0.25,0.323,1.709,1.319,1.295,0
2025-10-20 14:55:36,4763.0070406541,2864.374786587448,2438.1944484813253,10065.576275722873,0.473,0.285,0.242,1.663,1.953,0.851,0
2025-10-20 14:55:37,2991.2309228355443,2329.3924247473064,2958.9446208112877,8279.567968394138,0.361,0.281,0.357,1.284,1.011,1.27,0
2025-10-20 14:55:38,7707.992281540017,4003.5355319047394,6132.4716719058415,17843.9994853506,0.432,0.224,0.344,1.925,1.257,1.532,0
2025-10-20 14:55:39,7805.534567786359,5784.050196511067,14703.957931638914,28293.54269593634,0.276,0.204,0.52,1.349,0.531,2.542,0
2025-10-20 14:55:40,14490.59941267922,10243.751373794114,8353.523202549293,33087.87398902263,0.438,0.31,0.252,1.415,1.735,0.815,0
2025-10-20 14:55:41,6517.448527697926,8538.892508143323,12955.37915057915,28011.720186420396,0.233,0.305,0.462,0.763,0.503,1.517,0
2025-10-20 14:55:42,17928.20688181235,12470.057975323323,14091.395934822778,44489.66079195846,0.403,0.28,0.317,1.438,1.272,1.13,0
2025-10-20 14:55:43,17429.062954498233,9976.936251189343,9338.314594233552,36744.31379992113,0.474,0.272,0.254,1.747,1.866,0.936,0
2025-10-20 14:55:44,6592.226326129666,7479.810967454302,10673.887263010562,24745.92455659453,0.266,0.302,0.431,0.881,0.618,1.427,0
2025-10-20 14:55:44,8500.818808269152,4408.791717033689,9111.119800152059,22020.730325454897,0.386,0.2,0.414,1.928,0.933,2.067,0
2025-10-20 14:55:45,4844.985560817835,3785.8146042061558,4222.382845925404,12853.183010949395,0.377,0.295,0.329,1.28,1.147,1.115,0
2025-10-20 14:55:46,6082.668406932057,4719.860462499297,4751.675540953892,15554.204410385246,0.391,0.303,0.305,1.289,1.28,1.007,0
2025-10-20 14:55:47,4147.643016069222,3209.844646820234,3240.5964614077106,10598.084124297167,0.391,0.303,0.306,1.292,1.28,1.01,0
2025-10-20 14:55:48,2729.8669009730224,2304.3094165476323,3081.8942650354534,8116.070582556107,0.336,0.284,0.38,1.185,0.886,1.337,0
2025-10-20 14:55:49,3736.7401665998486,1897.2741665535802,2742.6299614202576,8376.644294573687,0.446,0.226,0.327,1.97,1.362,1.446,0
2025-10-20 14:55:50,2114.704043561561,1544.8633517495396,7549.8226982269825,11209.390093538083,0.189,0.138,0.674,1.369,0.28,4.887,0
2025-10-20 14:55:51,13920.690341851974,1396.0073223498086,1903.4303737151415,17220.128037916926,0.808,0.081,0.111,9.972,7.313,1.363,0
2025-10-20 14:55:52,6318.626092196445,9439.189827838416,2115.5573489357407,17873.3732689706,0.354,0.528,0.118,0.669,2.987,0.224,0
2025-10-20 14:55:53,3138.274597830153,6796.797925781883,13810.681593677971,23745.75411729001,0.132,0.286,0.582,0.462,0.227,2.032,0
2025-10-20 14:55:54,4063.4605696570434,3491.7615717615718,7384.988115150982,14940.210256569597,0.272,0.234,0.494,1.164,0.55,2.115,0
2025-10-20 14:55:55,23360.089111668058,4263.15393606749,3974.89006823351,31598.13311596906,0.739,0.135,0.126,5.48,5.877,0.932,0
2025-10-20 14:55:56,5091.101535473691,11470.816354437304,2585.963808995345,19147.881698906338,0.266,0.599,0.135,0.444,1.969,0.225,0
2025-10-20 14:55:57,4005.638429949384,2622.997404709046,15377.833180568286,22006.469015226714,0.182,0.119,0.699,1.527,0.26,5.863,0
2025-10-20 14:55:58,74235.46902654867,1187.4984782208633,1328.5726955970858,76751.54020036662,0.967,0.015,0.017,62.514,55.876,1.119,0
2025-10-20 14:55:59,42930.44012282498,13131.822166562304,1315.5299062196154,57377.7921956069,0.748,0.229,0.023,3.269,32.634,0.1,0
2025-10-20 14:56:00,1618.609964110678,11116.628677445004,13740.553644553645,26475.792286109325,0.061,0.42,0.519,0.146,0.118,1.236,0
2025-10-20 14:56:01,1602.9595658488115,1957.98800270756,13920.690341851974,17481.637910408346,0.092,0.112,0.796,0.819,0.115,7.11,0
2025-10-20 14:56:02,22863.47233578632,1237.695939565628,2464.0488779226885,26565.217153274632,0.861,0.047,0.093,18.473,9.279,1.991,0
2025-10-20 14:56:03,132312.429022082,110376.42105263157,1308.8793883601186,243997.72946307372,0.542,0.452,0.005,1.199,101.088,0.012,0
2025-10-20 14:56:04,1910.2789606722383,12175.047895500726,12989.482812016104,27074.809668189067,0.071,0.45,0.48,0.157,0.147,1.067,0
2025-10-20 14:56:05,1579.5970323503936,2045.3035548836983,12789.46180820247,16414.36239543656,0.096,0.125,0.779,0.772,0.124,6.253,0
2025-10-20 14:56:06,21664.793388429753,1135.7136281172998,3493.3610960729607,26293.868112620014,0.824,0.043,0.133,19.076,6.202,3.076,0
2025-10-20 14:56:07,127100.12121212122,23477.772180240696,1290.5749319220295,151868.46832428392,0.837,0.155,0.008,5.414,98.483,0.055,0
2025-10-20 14:56:08,2262.360905094528,105384.52261306533,26630.501587301587,134277.38510546144,0.017,0.785,0.198,0.021,0.085,0.253,0
2025-10-20 14:56:09,1469.880497634484,1456.3555555555556,12228.291545189504,15154.527598379544,0.097,0.096,0.807,1.009,0.12,8.397,0
2025-10-20 14:56:10,16441.803214425716,1137.9166836229465,1263.6681077986834,18843.388005847344,0.873,0.06,0.067,14.449,13.011,1.111,0
2025-10-20 14:56:11,1874.3817312419,3727.4419017996,3971.3146806798277,9573.138313721327,0.196,0.389,0.415,0.503,0.472,1.065,0
2025-10-20 14:56:12,5372.147294268331,3525.6621695456647,3470.669424906909,12368.478888720905,0.434,0.285,0.281,1.524,1.548,0.984,0
2025-10-20 14:56:13,3624.6847858963833,2434.1616853345713,2446.014870972445,8504.8613422034,0.426,0.286,0.288,1.489,1.482,1.005,0
2025-10-20 14:56:14,4212.840498192045,2502.344062285595,2301.843426721181,9017.02798719882,0.467,0.278,0.255,1.684,1.83,0.92,0
2025-10-20 14:56:15,3941.4593807264014,2520.236743277753,2446.371536891222,8908.067660895376,0.442,0.283,0.275,1.564,1.611,0.971,0
2025-10-20 14:56:16,2563.9905859339183,2206.8315268862466,1624.9749142823935,6395.797027102559,0.401,0.345,0.254,1.162,1.578,0.736,0
2025-10-20 14:56:17,3310.0295939707216,2149.9879539687827,2360.1294207016854,7820.146968641189,0.423,0.275,0.302,1.54,1.402,1.098,0
2025-10-20 14:56:18,3619.211321080335,2590.2757449436467,2905.3468638520417,9114.833929876022,0.397,0.284,0.319,1.397,1.246,1.122,0
2025-10-20 14:56:18,2872.614204506541,1689.2422320223927,1636.8334991902282,6198.689935719161,0.463,0.273,0.264,1.701,1.755,0.969,0
2025-10-20 14:56:19,1628.0024065053274,1173.6586730839185,1317.2444765479013,4118.905556137147,0.395,0.285,0.32,1.387,1.236,1.122,0
2025-10-20 14:56:20,1786.3304940374787,1253.977517340349,1379.410323450578,4419.718334828406,0.404,0.284,0.312,1.425,1.295,1.1,0
2025-10-20 14:56:21,1664.307283296629,1240.8082122888502,1357.7534273181943,4262.868922903674,0.39,0.291,0.319,1.341,1.226,1.094,0
2025-10-20 14:56:22,1668.1132675787464,1244.545198284943,1360.4839520589046,4273.142417922594,0.39,0.291,0.318,1.34,1.226,1.093,0
2025-10-20 14:56:23,1770.0099170763615,1280.2344179232036,1457.722170090015,4507.96650508958,0.393,0.284,0.323,1.383,1.214,1.139,0
2025-10-20 14:56:24,1823.7293736548036,1360.7929272447077,1499.4383769773885,4683.960677876899,0.389,0.291,0.32,1.34,1.216,1.102,0
2025-10-20 14:56:25,1808.2403914552392,1312.6684922932477,1437.7595338075241,4558.668417556011,0.397,0.288,0.315,1.378,1.258,1.095,0
2025-10-20 14:56:26,1768.4427110783176,1258.9269581138476,1435.5942703609262,4462.963939553091,0.396,0.282,0.322,1.405,1.232,1.14,0
2025-10-20 14:56:27,1723.8518762073074,1228.8660035451123,1428.456023839932,4381.173903592352,0.393,0.28,0.326,1.403,1.207,1.162,0
2025-10-20 14:56:28,1823.0159730522655,1314.540382988059,1462.6275870486286,4600.183943088953,0.396,0.286,0.318,1.387,1.246,1.113,0
2025-10-20 14:56:29,1825.5153203342618,1273.7610276811881,1455.0419759938943,4554.318324009344,0.401,0.28,0.319,1.433,1.255,1.142,0
2025-10-20 14:56:30,1840.4142167617376,1334.448156278833,1488.3446293602071,4663.207002400778,0.395,0.286,0.319,1.379,1.237,1.115,0
2025-10-20 14:56:31,1855.4762220747623,1314.3138268703485,1583.95166163142,4753.741710576531,0.39,0.276,0.333,1.412,1.171,1.205,0
2025-10-20 14:56:32,2221.3828350501813,1548.9711204667997,1703.478190236374,5473.832145753355,0.406,0.283,0.311,1.434,1.304,1.1,0
2025-10-20 14:56:33,2160.731525126858,1413.7229721758767,1571.2534651981719,5145.707962500906,0.42,0.275,0.305,1.528,1.375,1.111,0
2025-10-20 14:56:34,1883.5143813009408,1411.9145641526266,1622.554738878143,4917.983684331711,0.383,0.287,0.33,1.334,1.161,1.149,0
2025-10-20 14:56:35,2081.3855048011314,1474.7645083595576,1613.16282379185,5169.312836952539,0.403,0.285,0.312,1.411,1.29,1.094,0
2025-10-20 14:56:36,2035.4770455207222,1423.7284453496266,1563.1723315444247,5022.377822414774,0.405,0.283,0.311,1.43,1.302,1.098,0
2025-10-20 14:56:37,2003.0105062082139,1404.0451243597897,1562.2407628128724,4969.296393380876,0.403,0.283,0.314,1.427,1.282,1.113,0
2025-10-20 14:56:38,2017.4622414622415,1404.13913159921,1560.2068221552654,4981.808195216717,0.405,0.282,0.313,1.437,1.293,1.111,0
2025-10-20 14:56:39,2045.0043881033641,1412.1522482029527,1547.4566953826854,5004.613331689002,0.409,0.282,0.309,1.448,1.322,1.096,0
2025-10-20 14:56:40,1999.572845156369,1419.3682001996583,1553.4171589415012,4972.358204297529,0.402,0.285,0.312,1.409,1.287,1.094,0
2025-10-20 14:56:41,1946.7192685247499,1364.2453121696565,1584.0713044791903,4895.035885173596,0.398,0.279,0.324,1.427,1.229,1.161,0
2025-10-20 14:56:42,1991.5500581657604,1451.2660461575724,1658.581568697234,5101.397673020567,0.39,0.284,0.325,1.372,1.201,1.143,0
2025-10-20 14:56:43,2189.436759409093,1470.6535764375876,1650.4885391047712,5310.578874951452,0.412,0.277,0.311,1.489,1.327,1.122,0
2025-10-20 14:56:44,2173.890328599565,1456.7855096122119,1638.6880506339005,5269.363888845677,0.413,0.276,0.311,1.492,1.327,1.125,0
2025-10-20 14:56:45,2398.1154945683247,1674.9077549716476,1798.0468984438633,5871.070147983835,0.408,0.285,0.306,1.432,1.334,1.074,0
2025-10-20 14:56:46,2313.077813930403,1610.3756886986237,1836.8276073485297,5760.281109977556,0.402,0.28,0.319,1.436,1.259,1.141,0
2025-10-20 14:56:47,2380.219618080186,1675.7107471034758,1818.6684010840108,5874.5987662676725,0.405,0.285,0.31,1.42,1.309,1.085,0
2025-10-20 14:56:48,2151.8631198214607,1453.2522564662265,1143.797109353695,4748.912485641383,0.453,0.306,0.241,1.481,1.881,0.787,0
2025-10-20 14:56:49,2895.2191620073168,1929.5245543415756,2156.454498714653,6981.198215063545,0.415,0.276,0.309,1.5,1.343,1.118,0
2025-10-20 14:56:50,2864.7660678915377,1939.203846687318,2049.451027338692,6853.420941917548,0.418,0.283,0.299,1.477,1.398,1.057,0
2025-10-20 14:56:51,3302.991691932118,2325.2600066526225,2596.4491766745077,8224.700875259248,0.402,0.283,0.316,1.42,1.272,1.117,0
2025-10-20 14:56:52,3671.806005427646,2549.1090312386045,2530.5001508295627,8751.415187495813,0.42,0.291,0.289,1.44,1.451,0.993,0
2025-10-20 14:56:53,3777.1209869872573,2507.50523106355,2637.927044025157,8922.553262075964,0.423,0.281,0.296,1.506,1.432,1.052,0
2025-10-20 14:56:54,3480.0282099149554,2259.9838353359555,2460.074488987947,8200.086534238857,0.424,0.276,0.3,1.54,1.415,1.089,0
2025-10-20 14:57:46,32653.203581159985,13709.11586860598,14847.093805309734,61209.4132550757,0.533,0.224,0.243,2.382,2.199,1.083,0
2025-10-20 14:57:48,7036.242241234692,12238.99620659469,14337.05007690993,33612.28852473931,0.209,0.364,0.427,0.575,0.491,1.171,0
2025-10-20 14:57:49,13916.071665560718,13062.298349423856,13790.248232779879,40768.618247764454,0.341,0.32,0.338,1.065,1.009,1.056,0
2025-10-20 14:57:50,137518.16393442624,80197.017208413,13838.020455295282,231553.20159813453,0.594,0.346,0.06,1.715,9.938,0.173,0
2025-10-20 14:57:51,17053.482415125025,11818.269935193011,12438.623962040332,41310.37631235836,0.413,0.286,0.301,1.443,1.371,1.052,0
2025-10-20 14:57:53,6028.031043403277,5572.715073407294,5019.511728099569,16620.257844910142,0.363,0.335,0.302,1.082,1.201,0.901,0
2025-10-20 14:57:55,6032.3658852293975,3737.073105537488,3732.4173526140157,13501.8563433809,0.447,0.277,0.276,1.614,1.616,0.999,0
2025-10-20 14:57:56,5736.9771577075635,3476.2786457254156,3585.947933142393,12799.203736575373,0.448,0.272,0.28,1.65,1.6,1.032,0
2025-10-20 14:58:02,5234.700780031201,3406.264668859382,3686.65201722774,12327.617466118323,0.425,0.276,0.299,1.537,1.42,1.082,0
2025-10-20 14:58:03,5043.655603655604,3359.47456948338,3681.6361641430767,12084.76633728206,0.417,0.278,0.305,1.501,1.37,1.096,0
2025-10-20 14:58:04,5675.648173207037,3825.3490811254505,4057.5640901615557,13558.561344494043,0.419,0.282,0.299,1.484,1.399,1.061,0
2025-10-20 14:58:05,5340.681224931559,3580.285104566795,3551.485182049111,12472.451511547466,0.428,0.287,0.285,1.492,1.504,0.992,0
2025-10-20 14:58:15,1172.3628638911016,880.1023983884844,984.8442654707256,3037.3095277503116,0.386,0.29,0.324,1.332,1.19,1.119,0
2025-10-20 14:58:16,1166.9483202337067,938.5645076473813,1003.5780683599124,3109.0908962410003,0.375,0.302,0.323,1.243,1.163,1.069,0
2025-10-20 14:58:46,1533.1739591329458,1167.646780434843,1235.544819866262,3936.365559434051,0.389,0.297,0.314,1.313,1.241,1.058,0
2025-10-20 14:58:48,1337.810665986221,1124.6591945085,1244.637526336093,3707.107386830814,0.361,0.303,0.336,1.19,1.075,1.107,0
2025-10-20 14:58:49,1448.8847435963867,1177.6956015106207,1248.6763917832689,3875.2567368902764,0.374,0.304,0.322,1.23,1.16,1.06,0
2025-10-20 14:58:50,1498.902528365943,1169.4862607871294,1213.8403658042484,3882.2291549573206,0.386,0.301,0.313,1.282,1.235,1.038,0
2025-10-20 14:58:51,1488.582329246003,1126.8195311975285,1216.4631157644396,3831.8649762079713,0.388,0.294,0.317,1.321,1.224,1.08,0
2025-10-20 14:58:52,1480.0465789195102,1158.7595485751385,1199.6750757965792,3838.4812032912278,0.386,0.302,0.313,1.277,1.234,1.035,0
2025-10-20 14:58:53,1412.437574716708,872.5681059321594,1019.482517652492,3304.4881983013593,0.427,0.264,0.309,1.619,1.385,1.168,0
2025-10-20 14:58:54,1401.324379405967,1082.736331250968,1178.9203850748365,3662.9810957317713,0.383,0.296,0.322,1.294,1.189,1.089,0
2025-10-20 15:00:19,1341.5118901025091,1035.7073363459021,1136.6831528882506,3513.9023793366614,0.382,0.295,0.323,1.295,1.18,1.097,0
2025-10-20 15:00:21,1509.7471338840596,1165.3595987941596,1193.751049508332,3868.8577821865515,0.39,0.301,0.309,1.296,1.265,1.024,0
2025-10-20 15:00:22,1454.814866200725,1056.832503937008,1097.6261694471705,3609.273539584903,0.403,0.293,0.304,1.377,1.325,1.039,0
2025-10-20 15:00:25,4220.258590330533,2887.147823094132,3097.8278370693156,10205.23425049398,0.414,0.283,0.304,1.462,1.362,1.073,0
2025-10-20 15:00:26,3963.808533761754,4322.91059005411,3132.064369189411,11418.783493005274,0.347,0.379,0.274,0.917,1.266,0.725,0
2025-10-20 15:00:28,5469.523374845146,3266.7191089995717,3819.0794445709084,12555.321928415626,0.436,0.26,0.304,1.674,1.432,1.169,0
2025-10-20 15:00:29,5443.9665130767735,3159.551035781544,3136.39721827563,11739.914767133947,0.464,0.269,0.267,1.723,1.736,0.993,0
2025-10-20 15:00:30,6362.718446601942,3823.4311759343664,5453.167782617174,15639.317405153482,0.407,0.244,0.349,1.664,1.167,1.426,0
2025-10-20 15:00:31,4600.7831953052155,3010.013994043561,3018.7879660285016,10629.585155377277,0.433,0.283,0.284,1.528,1.524,1.003,0
2025-10-20 15:00:33,3652.6203953670642,2924.4903081857483,2973.840045377198,9550.95074893001,0.382,0.306,0.311,1.249,1.228,1.017,0
2025-10-20 15:00:34,5182.631904114667,3161.694557515453,3250.264636367159,11594.59109799728,0.447,0.273,0.28,1.639,1.595,1.028,0
2025-10-20 15:00:35,4957.806146572104,3276.416044994727,3192.13364283268,11426.35583439951,0.434,0.287,0.279,1.513,1.553,0.974,0
2025-10-20 15:00:52,13644.45022771633,8346.043179783106,6368.515031885819,28359.008439385256,0.481,0.294,0.225,1.635,2.142,0.763,0
2025-10-20 15:00:54,11925.800398066534,12054.329645063946,11783.407781991853,35763.53782512233,0.333,0.337,0.329,0.989,1.012,0.978,0
2025-10-20 15:00:55,17077.785016286645,14271.19428376999,6159.941254222353,37508.920554278986,0.455,0.38,0.164,1.197,2.772,0.432,0
2025-10-20 15:01:01,15673.781763826606,12292.801875732708,10707.949961705386,38674.5336012647,0.405,0.318,0.277,1.275,1.464,0.871,0
2025-10-20 15:01:02,15972.216298552932,12414.692911055203,11785.063220005619,40171.97242961376,0.398,0.309,0.293,1.287,1.355,0.949,0
2025-10-20 15:01:03,15723.72633552015,6649.709076496235,10023.429322499702,32396.864734516086,0.485,0.205,0.309,2.365,1.569,1.507,0
2025-10-20 15:01:04,15812.64467483506,12756.399026763991,5836.365407361024,34405.40910896008,0.46,0.371,0.17,1.24,2.709,0.458,0
2025-10-20 15:01:05,15830.549160218909,12735.096402003946,11608.923332410739,40174.568894633594,0.394,0.317,0.289,1.243,1.364,0.912,0
2025-10-20 15:01:06,7080.189061444969,13567.213326863983,12744.770586447888,33392.172974756846,0.212,0.406,0.382,0.522,0.556,0.939,0
2025-10-20 15:01:07,15700.18341755568,6006.880057286073,12768.048706240486,34475.11218108224,0.455,0.174,0.37,2.614,1.23,2.126,0
2025-10-20 15:01:38,28571.553133514986,25474.060127543275,24413.876600698488,78459.48986175674,0.364,0.325,0.311,1.122,1.17,0.958,0
2025-10-20 15:01:41,54225.00323206205,47554.467120181405,46942.40626748741,148721.87661973087,0.365,0.32,0.316,1.14,1.155,0.987,0
2025-10-20 15:01:42,51653.99014778325,23730.149929278643,10281.416840299056,85665.55691736095,0.603,0.277,0.12,2.177,5.024,0.433,0
2025-10-20 15:01:44,102550.22004889976,65179.54933954934,38818.17677001388,206547.94615846296,0.496,0.316,0.188,1.573,2.642,0.596,0
2025-10-20 15:01:45,136178.7012987013,124460.05934718101,124830.47619047618,385469.23683635844,0.353,0.323,0.324,1.094,1.091,1.003,0
2025-10-20 15:01:46,134217.728,122104.91994177584,106725.29262086513,363047.940562641,0.37,0.336,0.294,1.099,1.258,0.874,0
2025-10-20 15:01:47,134432.8205128205,29402.762004907116,16294.887334887335,180130.46985261497,0.746,0.163,0.09,4.572,8.25,0.554,0
2025-10-20 15:01:48,135518.70759289176,126144.48120300751,122104.91994177584,383768.1087376751,0.353,0.329,0.318,1.074,1.11,0.968,0
2025-10-20 15:01:49,126525.00754147813,124644.99257057949,65484.839968774395,316654.840080832,0.4,0.394,0.207,1.015,1.932,0.525,0
2025-10-20 15:01:50,21372.24968152866,46629.28293496387,106184.91139240506,174186.44400889758,0.123,0.268,0.61,0.458,0.201,2.277,0
2025-10-20 15:01:51,124460.05934718101,117487.50700280113,116185.70637119113,358133.27272117324,0.348,0.328,0.324,1.059,1.071,0.989,0
2025-10-20 15:01:52,62137.83703703704,35864.078666096626,18141.453287197233,116143.3689903309,0.535,0.309,0.156,1.733,3.425,0.506,0
2025-10-20 15:01:53,133152.50793650793,101311.69082125604,101556.99757869249,336021.19633645646,0.396,0.302,0.302,1.314,1.311,1.002,0
2025-10-20 15:01:54,131482.88401253917,104596.10972568579,115545.56473829201,351624.558476517,0.374,0.297,0.329,1.257,1.138,1.105,0
2025-10-20 15:01:55,118987.3475177305,89717.73262032085,61635.62086700955,270340.7010050609,0.44,0.332,0.228,1.326,1.93,0.687,0
2025-10-20 15:01:56,20380.485908649174,108520.1552393273,100703.5774309724,229604.21857894887,0.089,0.473,0.439,0.188,0.202,0.928,0
2025-10-20 15:01:57,85336.8056968464,55590.51027170311,37600.21515015688,178527.5311187064,0.478,0.311,0.211,1.535,2.27,0.676,0
2025-10-20 15:01:58,24139.879136690648,89526.23265741729,105649.97481108313,219316.08660519106,0.11,0.408,0.482,0.27,0.228,1.18,0
2025-10-20 15:01:59,129854.61300309598,124460.05934718101,115228.13186813187,369542.8042184089,0.351,0.337,0.312,1.043,1.127,0.926,0
2025-10-20 15:02:00,128070.35114503816,111107.39072847682,104726.69163545567,343904.43350897066,0.372,0.323,0.305,1.153,1.223,0.943,0
2025-10-20 15:02:01,86037.00512820513,63501.9530658592,45739.41112322792,195278.36931729224,0.441,0.325,0.234,1.355,1.881,0.72,0
2025-10-20 15:02:01,22832.35710397387,88115.63025210085,112447.82841823057,223395.8157743053,0.102,0.394,0.503,0.259,0.203,1.276,0
2025-10-20 15:02:02,109655.00653594772,121750.47895500726,107134.2017879949,338539.6872789499,0.324,0.36,0.316,0.901,1.024,0.88,0
2025-10-20 15:02:03,130257.88819875776,114286.21253405995,110813.84412153237,355357.94485435006,0.367,0.322,0.312,1.14,1.175,0.97,0
2025-10-20 15:02:04,86928.58031088083,67001.66134185303,45540.76004343105,199471.00169616492,0.436,0.336,0.228,1.297,1.909,0.68,0
2025-10-20 15:02:05,24980.964860035736,89910.05359056806,112447.82841823057,227338.84686883434,0.11,0.395,0.495,0.278,0.222,1.251,0
2025-10-20 15:02:06,133576.56050955414,113054.01617250674,103054.15233415233,349684.7290162132,0.382,0.323,0.295,1.182,1.296,0.912,0
2025-10-20 15:02:07,111848.10666666667,105783.20302648171,111550.63829787234,329181.94799102074,0.34,0.321,0.339,1.057,1.003,1.055,0
2025-10-20 15:02:08,85336.8056968464,49344.75294117647,31103.47793845013,165785.03657647298,0.515,0.298,0.188,1.729,2.744,0.63,0
2025-10-20 15:02:09,125390.25411061285,61320.23391812865,41672.17088922007,228382.65891796158,0.549,0.268,0.182,2.045,3.009,0.68,0
2025-10-20 15:02:10,19288.590480570245,78179.01211556383,83802.27772227772,181269.8803184118,0.106,0.431,0.462,0.247,0.23,1.072,0
2025-10-20 15:02:11,111550.63829787234,92589.49227373069,87746.94560669456,291887.0761782976,0.382,0.317,0.301,1.205,1.271,0.948,0
2025-10-20 15:02:12,25010.757304710794,18513.81152063562,96866.14318706698,140390.7120124134,0.178,0.132,0.69,1.351,0.258,5.232,0
2025-10-20 15:02:13,104857.6,96978.12716763005,77888.65366759516,279724.3808352252,0.375,0.347,0.278,1.081,1.346,0.803,0
2025-10-20 15:02:14,21971.210057621793,18720.392769471102,78766.27230046949,119457.87512756238,0.184,0.157,0.659,1.174,0.279,4.208,0
2025-10-20 15:02:15,112297.29585006693,94893.7556561086,75983.76811594203,283174.81962211756,0.397,0.335,0.268,1.183,1.478,0.801,0
2025-10-20 15:02:16,101311.69082125604,88956.6065747614,64084.094728800614,254352.39212481806,0.398,0.35,0.252,1.139,1.581,0.72,0
2025-10-20 15:02:17,13888.423841059603,34058.49776695087,29526.955297430482,77473.87690544096,0.179,0.44,0.381,0.408,0.47,0.867,0
2025-10-20 15:02:18,37183.54609929078,32426.006957866255,25731.9263803681,95341.47943752514,0.39,0.34,0.27,1.147,1.445,0.794,0
2025-10-20 15:02:19,16581.553666732554,31895.847908745247,28282.562373567092,76759.96394904489,0.216,0.416,0.368,0.52,0.586,0.887,0
2025-10-20 15:02:20,36188.990509059535,31045.921539600295,8523.275756959967,75758.18780561979,0.478,0.41,0.113,1.166,4.246,0.275,0
2025-10-20 15:02:21,10530.51468742154,29066.555786555786,10182.82107307599,49779.89154705332,0.212,0.584,0.205,0.362,1.034,0.35,0
2025-10-20 15:02:22,39945.752380952385,34692.34077750207,33594.7456948338,108232.83885328827,0.369,0.321,0.31,1.151,1.189,0.968,0
2025-10-20 15:02:22,42820.867789688615,19173.961142857144,8149.026617447056,70143.85554999282,0.61,0.273,0.116,2.233,5.255,0.425,0
2025-10-20 15:02:23,11265.925329035725,31429.778943424502,29127.11111111111,71822.81538357135,0.157,0.438,0.406,0.358,0.387,0.927,0
2025-10-20 15:02:24,21931.00130718954,30196.57307415407,28966.187845303866,81093.76222664748,0.27,0.372,0.357,0.726,0.757,0.959,0
2025-10-20 15:02:25,19996.681764004767,18379.947414548642,7869.97654564218,46246.60572419559,0.432,0.397,0.17,1.088,2.541,0.428,0
2025-10-20 15:02:26,18408.180820715384,8618.72803863146,28008.707846410685,55035.61670575753,0.334,0.157,0.509,2.136,0.657,3.25,0
2025-10-20 15:02:27,34764.22710319105,26792.104758862984,28197.00168067227,89753.33354272631,0.387,0.299,0.314,1.298,1.233,1.052,0
2025-10-20 15:02:28,37499.365221278495,21151.30610186586,7707.284086732819,66357.95540987718,0.565,0.319,0.116,1.773,4.865,0.364,0
2025-10-20 15:02:29,34865.36990856193,29715.22493800921,20570.397253555664,85150.99210012681,0.409,0.349,0.242,1.173,1.695,0.692,0
2025-10-20 15:02:30,33838.676885841065,28008.707846410685,27226.900357026938,89074.2850892787,0.38,0.314,0.306,1.208,1.243,0.972,0
2025-10-20 15:02:31,33879.67689822294,29423.388284812347,22280.499335989374,85583.56451902466,0.396,0.344,0.26,1.151,1.521,0.757,0
2025-10-20 15:02:32,10227.515240185321,28055.54515050167,28018.06279225117,66301.12318293817,0.154,0.423,0.423,0.365,0.365,0.999,0
2025-10-20 15:02:33,35514.85182049111,29620.790960451977,27999.35914552737,93135.00192647046,0.381,0.318,0.301,1.199,1.268,0.945,0
2025-10-20 15:02:34,16607.81627400515,29289.832402234635,20702.38894373149,66600.03761997128,0.249,0.44,0.311,0.567,0.802,0.707,0
2025-10-20 15:02:35,35529.89411266412,27612.271231073075,28311.198110023626,91453.36345376083,0.389,0.302,0.31,1.287,1.255,1.025,0
2025-10-20 15:02:36,12296.405746115508,11349.760519550806,26198.026233603996,49844.19249927031,0.247,0.228,0.526,1.083,0.469,2.308,0
2025-10-20 15:02:37,31429.778943424502,26470.836225938783,15344.079019571976,73244.69418893526,0.429,0.361,0.209,1.187,2.048,0.58,0
2025-10-20 15:02:38,11419.28668663218,28600.777361063756,21648.02064516129,61668.08469285723,0.185,0.464,0.351,0.399,0.527,0.757,0
2025-10-20 15:02:39,17264.062564313645,9813.53299017314,27869.129568106313,54946.725122593096,0.314,0.179,0.507,1.759,0.619,2.84,0
2025-10-20 15:02:40,19705.44514916608,30002.17453505007,22298.26687931951,72005.88656353566,0.274,0.417,0.31,0.657,0.884,0.743,0
2025-10-20 15:02:41,34865.36990856193,31465.146286571642,31787.07086017431,98117.58705530789,0.355,0.321,0.324,1.108,1.097,1.01,0
2025-10-20 15:02:42,28896.34171546676,31126.56029684601,32426.006957866255,92448.90897017902,0.313,0.337,0.351,0.928,0.891,1.042,0
2025-10-20 15:02:43,40427.0265060241,24899.400415553577,6168.54768732995,71494.97460890762,0.565,0.348,0.086,1.624,6.554,0.248,0
2025-10-20 15:02:44,17168.66148178469,38836.148148148146,36330.047639670855,92334.85726960369,0.186,0.421,0.393,0.442,0.473,0.935,0
2025-10-20 15:02:44,11773.4849122807,34155.57003257329,30012.908765652952,75941.96371050694,0.155,0.45,0.395,0.345,0.392,0.879,0
2025-10-20 15:02:45,36889.21723834653,36095.559380378654,35772.31556503198,108757.09218375717,0.339,0.332,0.329,1.022,1.031,0.991,0
2025-10-20 15:02:46,44127.34350341925,19878.218009478675,9870.111777856218,73875.67329075414,0.597,0.269,0.134,2.22,4.471,0.497,0
2025-10-20 15:02:47,53092.45569620253,50778.498789346246,45914.65790914067,149785.61239468944,0.354,0.339,0.307,1.046,1.156,0.904,0
2025-10-20 15:02:48,14293.078889078208,52991.83828174353,52428.8,119713.71717082174,0.119,0.443,0.438,0.27,0.273,0.989,0
2025-10-20 15:02:49,59875.86009992862,54648.912052117266,52006.2492250465,166531.0213770924,0.36,0.328,0.312,1.096,1.151,0.952,0
2025-10-20 15:02:50,65638.56025039124,52858.27347195967,57416.8925393566,175913.72626170752,0.373,0.3,0.326,1.242,1.143,1.086,0
2025-10-20 15:02:51,40194.57594633445,58743.75350140056,53842.1566110398,152780.4860587748,0.263,0.384,0.352,0.684,0.747,0.917,0
2025-10-20 15:02:52,14210.753853972556,57733.02133516862,55886.79546968688,127830.57065882804,0.111,0.452,0.437,0.246,0.254,0.968,0
2025-10-20 15:02:53,16419.275787825405,8026.607980097599,50809.25499697153,75255.13876489454,0.218,0.107,0.675,2.046,0.323,6.33,0
2025-10-20 15:02:54,64133.08868501529,39699.990534784665,8130.07171932545,111963.15093912541,0.573,0.355,0.073,1.615,7.888,0.205,0
2025-10-20 15:02:55,29767.948899929026,60699.04486251809,52103.1552795031,142570.14904195024,0.209,0.426,0.365,0.49,0.571,0.858,0
2025-10-20 15:02:56,71331.70068027212,28187.52688172043,17043.0881755384,116562.31573753095,0.612,0.242,0.146,2.531,4.185,0.605,0
2025-10-20 15:02:57,35757.0673486786,51845.537700865265,54471.48051948052,142074.08556902438,0.252,0.365,0.383,0.69,0.656,1.051,0
2025-10-20 15:03:25,3186.0716320407155,3084.387248593595,3041.7753281601276,9312.234208794438,0.342,0.331,0.327,1.033,1.047,0.986,0
2025-10-20 15:04:03,3096.5699520118123,2639.8363596311797,2669.4058870326176,8405.812198675609,0.368,0.314,0.318,1.173,1.16,1.011,0
2025-10-20 15:07:10,2900.324309373163,2275.9877363865753,2347.9743611274384,7524.286406887177,0.385,0.302,0.312,1.274,1.235,1.032,1
2025-10-20 15:07:13,2523.4208705592155,1709.2399853294755,2081.540446650124,6314.201302538815,0.4,0.271,0.33,1.476,1.212,1.218,1
2025-10-20 15:07:17,1412.770601411321,1030.3389997052177,1178.274573700031,3621.3841748165696,0.39,0.285,0.325,1.371,1.199,1.144,1
2025-10-20 15:07:18,1398.3343890648441,1067.9594642766206,1203.0817772423486,3669.3756305838133,0.381,0.291,0.328,1.309,1.162,1.127,1
2025-10-20 15:07:20,1376.7389342042638,1081.2569926013766,1221.4047757716949,3679.4007025773353,0.374,0.294,0.332,1.273,1.127,1.13,1
2025-10-20 15:07:22,752.6452828495806,821.5748648436888,2190.4658449968665,3764.685992690136,0.2,0.218,0.582,0.916,0.344,2.666,1
2025-10-20 15:07:26,3011.743079740064,2099.9869824262755,2255.729805313542,7367.459867479882,0.409,0.285,0.306,1.434,1.335,1.074,1
2025-10-20 15:07:27,2872.1224364022323,1894.146815092465,2344.365323346934,7110.634574841632,0.404,0.266,0.33,1.516,1.225,1.238,1
2025-10-20 15:07:30,1649.8068677968768,1209.1338628075587,1370.0831332582031,4229.023863862639,0.39,0.286,0.324,1.364,1.204,1.133,1
2025-10-20 15:07:31,1621.5510709038892,1259.3238455533537,1272.0805531966516,4152.955469653894,0.39,0.303,0.306,1.288,1.275,1.01,1
2025-10-20 15:07:32,686.7745712063531,466.9911095523601,914.9678235640583,2068.7335043227713,0.332,0.226,0.442,1.471,0.751,1.959,1
2025-10-20 15:07:33,1327.1643963485058,1306.1891563638628,1414.6766278226555,4048.030180535024,0.328,0.323,0.349,1.016,0.938,1.083,1
2025-10-20 15:07:34,1772.8528858549782,2264.4984342943526,2339.983821027086,6377.335141176416,0.278,0.355,0.367,0.783,0.758,1.033,1
2025-10-20 15:07:35,2995.0756926592403,2139.296133836581,2345.348505605726,7479.720332101547,0.4,0.286,0.314,1.4,1.277,1.096,1
2025-10-20 15:07:36,3507.8230325332443,2228.22748160544,2356.085833052466,8092.13634719115,0.433,0.275,0.291,1.574,1.489,1.057,1
2025-10-20 15:07:37,1713.0795621630452,1316.6655679552982,2349.881786094459,5379.626916212803,0.318,0.245,0.437,1.301,0.729,1.785,1
2025-10-20 15:07:38,2351.133159561647,2382.179814846368,2400.3800040060664,7133.692978414081,0.33,0.334,0.336,0.987,0.979,1.008,1
2025-10-20 15:07:39,2888.738592926754,2399.1442871442873,2460.43526720244,7748.318147273481,0.373,0.31,0.318,1.204,1.174,1.026,1
2025-10-20 15:07:40,2987.821627012395,2464.917724494593,2492.4554314238176,7945.194782930806,0.376,0.31,0.314,1.212,1.199,1.011,1
2025-10-20 15:07:41,3433.0296705545325,2517.060641521889,1712.939638977375,7663.029951053796,0.448,0.328,0.224,1.364,2.004,0.681,1
2025-10-20 15:07:42,4365.883210159259,3216.3674705724475,3727.110676678367,11309.361357410073,0.386,0.284,0.33,1.357,1.171,1.159,1
2025-10-20 15:07:43,4149.489513256826,2875.2726649528704,2962.28829719613,9987.050475405827,0.415,0.288,0.297,1.443,1.401,1.03,1
2025-10-20 15:07:44,1708.8917861799218,1545.4041008824452,1516.2692502349794,4770.565137297346,0.358,0.324,0.318,1.106,1.127,0.981,0
2025-10-20 15:07:45,2116.357948381563,1361.8754464575622,1703.3052447765438,5181.538639615669,0.408,0.263,0.329,1.554,1.243,1.251,0
2025-10-20 15:07:46,2817.238044062332,2410.24250086197,2446.5142323845075,7673.994777308809,0.367,0.314,0.319,1.169,1.152,1.015,0
2025-10-20 15:07:47,1419.7525598713717,1422.1836430218364,1508.0101389612958,4349.946341854504,0.326,0.327,0.347,0.998,0.941,1.06,0
2025-10-20 15:07:48,1698.5457711543525,1223.114429021346,1493.5384396253962,4415.198639801094,0.385,0.277,0.338,1.389,1.137,1.221,0
2025-10-20 15:07:49,1684.0198341798325,1103.8949349265044,1237.0571146274203,4024.9718837337577,0.418,0.274,0.307,1.526,1.361,1.121,0
2025-10-20 15:07:50,1849.9929428369796,1779.8115929729272,1554.2230374446483,5184.027573254555,0.357,0.343,0.3,1.039,1.19,0.873,0
2025-10-20 15:07:51,1763.3498696712352,1241.3406928392797,1196.885014339321,4201.575576849836,0.42,0.295,0.285,1.421,1.473,0.964,0
2025-10-20 15:07:52,1714.7253735614563,1192.3427239389373,1324.2103933825852,4231.278490882978,0.405,0.282,0.313,1.438,1.295,1.111,0
2025-10-20 15:07:53,1831.6537840080352,1288.8498294564115,1342.6928740636404,4463.196487528087,0.41,0.289,0.301,1.421,1.364,1.042,0
2025-10-20 15:07:54,4289.750958834058,3035.1718648237934,2878.1335346188157,10203.056358276666,0.42,0.297,0.282,1.413,1.49,0.948,0
2025-10-20 15:07:55,845.8389715149988,2110.819556629174,1482.0076674381216,4438.666195582295,0.191,0.476,0.334,0.401,0.571,0.702,0
2025-10-20 15:07:56,1539.0246945290426,1169.6819443088807,1202.1679875034035,3910.874626341327,0.394,0.299,0.307,1.316,1.28,1.028,0
2025-10-20 15:07:57,1830.8142910146446,1352.8049154155042,1334.830373623576,4518.449580053724,0.405,0.299,0.295,1.353,1.372,0.987,0
2025-10-20 15:07:58,2284.4793028322442,1936.4284395198522,1982.0915835735552,6202.999325925652,0.368,0.312,0.32,1.18,1.153,1.024,0
2025-10-20 15:07:59,2806.117615575032,2038.4943257758014,2041.3715231304602,6885.983464481294,0.408,0.296,0.296,1.377,1.375,1.001,0
2025-10-20 15:08:00,1545.9452287051713,1078.1163890602509,2098.0436685591376,4722.1052863245595,0.327,0.228,0.444,1.434,0.737,1.946,1
2025-10-20 15:08:01,3645.160561421805,2048.400078140262,2585.32622430425,8278.886863866317,0.44,0.247,0.312,1.78,1.41,1.262,1
2025-10-20 15:08:02,5146.701024602737,2904.1398649818243,2564.304099287745,10615.144988872305,0.485,0.274,0.242,1.772,2.007,0.883,1
2025-10-20 15:08:03,3477.719829194478,2763.5922777887595,3196.3907940862673,9437.702901069504,0.368,0.293,0.339,1.258,1.088,1.157,1
2025-10-20 15:08:04,5153.657307857713,3598.0989963112293,3243.980045632082,11995.736349801024,0.43,0.3,0.27,1.432,1.589,0.902,1
2025-10-20 15:08:05,3932.40577536096,2347.448719742549,2562.893892640005,8842.748387743515,0.445,0.265,0.29,1.675,1.534,1.092,1
2025-10-20 15:08:06,3682.4442493415277,3720.4985142147516,3550.4329792186904,10953.37574277497,0.336,0.34,0.324,0.99,1.037,0.954,1
2025-10-20 15:08:07,5565.3207722417565,4442.412752210984,4796.779505946935,14804.513030399676,0.376,0.3,0.324,1.253,1.16,1.08,1
2025-10-20 15:08:08,5644.333198761943,3486.102314757096,4591.968469454784,13722.403982973821,0.411,0.254,0.335,1.619,1.229,1.317,1
2025-10-20 15:08:09,5044.262176788936,3451.817957369764,3268.373723992831,11764.45385815153,0.429,0.293,0.278,1.461,1.543,0.947,1
2025-10-20 15:08:10,1463.5717775141322,1216.0575222521818,1413.5562146131033,4093.1855143794173,0.358,0.297,0.345,1.204,1.035,1.162,1
2025-10-20 15:08:11,380.12543048758386,3499.627868168544,4561.753222034912,8441.50652069104,0.045,0.415,0.54,0.109,0.083,1.303,1
2025-10-20 15:08:12,3789.748362322114,2768.334763381955,2857.93404197329,9416.017167677359,0.402,0.294,0.304,1.369,1.326,1.032,1
2025-10-20 15:08:13,2042.614200837635,2206.5993265993266,2481.763261441969,6730.97678887893,0.303,0.328,0.369,0.926,0.823,1.125,1
2025-10-20 15:08:14,3305.464575616676,2307.224819847076,3012.5001795590033,8625.189575022756,0.383,0.267,0.349,1.433,1.097,1.306,1
2025-10-20 15:08:15,4002.0075378083106,2896.918879718203,2679.723996933299,9578.650414459813,0.418,0.302,0.28,1.381,1.493,0.925,1
2025-10-20 15:08:16,2834.6595478660493,1542.2503309310193,1512.1693045390634,5889.079183336133,0.481,0.262,0.257,1.838,1.875,0.98,1
2025-10-20 15:08:16,2407.1992653810835,2265.9052969935983,2466.0046447364552,7139.109207111136,0.337,0.317,0.345,1.062,0.976,1.088,1
2025-10-20 15:08:17,2301.843426721181,2345.414080411564,2381.638748509454,7028.896255642199,0.327,0.334,0.339,0.981,0.966,1.015,1
2025-10-20 15:08:18,1440.0054931850173,1120.4231334312808,1188.0366525513746,3748.4652791676726,0.384,0.299,0.317,1.285,1.212,1.06,1
2025-10-20 15:08:19,1330.8068661357363,1066.316846534213,1201.599724975649,3598.723437645598,0.37,0.296,0.334,1.248,1.108,1.127,1
2025-10-20 15:08:20,1039.3775090449521,979.8974382935975,1185.635459068295,3204.9104064068447,0.324,0.306,0.37,1.061,0.877,1.21,1
2025-10-20 15:08:21,1273.3163327261689,1452.5979670643646,1631.9296539112504,4357.843953701784,0.292,0.333,0.374,0.877,0.78,1.123,1
2025-10-20 15:08:22,2502.194780014914,2027.997292331496,2201.849965877474,6732.042038223884,0.372,0.301,0.327,1.234,1.136,1.086,1
2025-10-20 15:08:23,2608.722477920139,1999.0486857469675,2343.1865921787708,6950.957755845877,0.375,0.288,0.337,1.305,1.113,1.172,1
2025-10-20 15:08:24,2609.452826080194,2016.540782230342,2136.7894441897192,6762.7830525002555,0.386,0.298,0.316,1.294,1.221,1.06,1
2025-10-20 15:08:25,1177.2328332655038,1943.2468495181615,1967.63258508667,5088.112267870335,0.231,0.382,0.387,0.606,0.598,1.013,1
2025-10-20 15:08:26,1436.0612182011162,1112.7983762917368,1010.6756626506024,3559.535257143455,0.403,0.313,0.284,1.29,1.421,0.908,1
2025-10-20 15:08:27,1573.40485791991,1474.1943307031263,1645.341283539934,4692.940472162971,0.335,0.314,0.351,1.067,0.956,1.116,1
2025-10-20 15:08:28,1703.997237400719,1368.5185245607452,1507.0077608508193,4579.523522812284,0.372,0.299,0.329,1.245,1.131,1.101,1
2025-10-20 15:08:29,1820.286433469317,1522.792673407519,1667.7484641841786,5010.827571061014,0.363,0.304,0.333,1.195,1.091,1.095,1
2025-10-20 15:08:30,2104.570611405203,1507.1431394742988,1756.6661780411703,5368.379928920673,0.392,0.281,0.327,1.396,1.198,1.166,1
2025-10-20 15:08:31,1842.6781477901766,1278.147217016349,1683.918419784808,4804.743784591334,0.384,0.266,0.35,1.442,1.094,1.317,1
2025-10-20 15:08:32,982.6292916632501,1486.6565058660901,1582.3382502735126,4051.6240478028526,0.243,0.367,0.391,0.661,0.621,1.064,1
2025-10-20 15:08:33,1804.428574501495,1565.6229936543486,1647.9918274331067,5018.04339558895,0.36,0.312,0.328,1.153,1.095,1.053,1
2025-10-20 15:08:34,1559.6266686498345,1582.3979476344978,1658.7783512289652,4800.8029675132975,0.325,0.33,0.346,0.986,0.94,1.048,0
2025-10-20 15:08:35,1542.108572163906,1130.4944544021132,1334.8728557334266,4007.475882299446,0.385,0.282,0.333,1.364,1.155,1.181,0
2025-10-20 15:08:36,1478.820273248127,1309.4310288309946,1346.6373428796173,4134.888644958739,0.358,0.317,0.326,1.129,1.098,1.028,0
2025-10-20 15:08:37,1369.1886333589046,556.6207052141256,760.6851836738396,2686.4945222468696,0.51,0.207,0.283,2.46,1.8,1.367,0
2025-10-20 15:08:38,1388.704433334437,1209.2907392457616,1279.7656679074876,3877.760840487686,0.358,0.312,0.33,1.148,1.085,1.058,0
2025-10-20 15:08:39,1468.4138848530467,1249.9043418660785,1350.866050436407,4069.184277155532,0.361,0.307,0.332,1.175,1.087,1.081,0
2025-10-20 15:08:40,1686.0845795143914,1059.2211727865044,1514.0525223355294,4259.3582746364245,0.396,0.249,0.355,1.592,1.114,1.429,0
2025-10-20 15:08:41,1605.5674009991005,1278.4783735178469,1451.9442665512765,4335.990041068224,0.37,0.295,0.335,1.256,1.106,1.136,0
2025-10-20 15:08:42,1659.8614903636867,1307.675567818672,1496.549337234403,4464.086395416762,0.372,0.293,0.335,1.269,1.109,1.144,1
2025-10-20 15:08:43,1865.2542636693126,1619.2973515558645,1705.313573621191,5189.865188846368,0.359,0.312,0.329,1.152,1.094,1.053,1
2025-10-20 15:08:44,1820.9186420074673,1446.4114766535622,1537.614194589046,4804.9443132500755,0.379,0.301,0.32,1.259,1.184,1.063,1
2025-10-20 15:08:45,1068.1226443923806,1178.622230340157,1617.6423626511369,3864.387237383675,0.276,0.305,0.419,0.906,0.66,1.372,1
2025-10-20 15:08:46,1505.5742412549132,1321.8941363715155,895.6542350441496,3723.1226126705783,0.404,0.355,0.241,1.139,1.681,0.678,1
2025-10-20 15:08:47,1465.4638202718284,1270.6546699385017,1319.2124300182425,4055.3309202285727,0.361,0.313,0.325,1.153,1.111,1.038,1
2025-10-20 15:08:48,1470.1123359212072,1172.2481833426496,1594.0953575432795,4236.4558768071365,0.347,0.277,0.376,1.254,0.922,1.36,1
2025-10-20 15:08:49,1314.1491078282393,1185.333898544581,1173.8886090120347,3673.3716153848554,0.358,0.323,0.32,1.109,1.119,0.99,1
2025-10-20 15:08:50,1715.426678391035,1139.230246896814,1372.1000376204263,4226.756962908275,0.406,0.27,0.325,1.506,1.25,1.204,1
2025-10-20 15:08:51,1336.6382510874935,613.92037470726,642.7608823912527,2593.3195081860063,0.515,0.237,0.248,2.177,2.08,1.047,1
2025-10-20 15:08:52,1152.1388839291847,1051.9290237632454,1164.0335807951155,3368.1014884875453,0.342,0.312,0.346,1.095,0.99,1.107,1
2025-10-20 15:08:53,1574.290700947734,1163.452379301258,1282.1912448031303,4019.934325052122,0.392,0.289,0.319,1.353,1.228,1.102,1
2025-10-20 15:08:54,1361.1020428031347,974.0830023920666,1266.2814358602784,3601.4664810554796,0.378,0.27,0.352,1.397,1.075,1.3,1
2025-10-20 15:08:55,1443.52422907489,1164.1628155488017,1171.1353102138828,3778.8223548375745,0.382,0.308,0.31,1.24,1.233,1.006,1
2025-10-20 15:08:56,941.5352152197092,1159.1117989249838,1222.1521606107403,3322.7991747554333,0.283,0.349,0.368,0.812,0.77,1.054,1
2025-10-20 15:08:57,1482.6101095793567,908.9794768437249,1373.5828789441798,3765.1724653672613,0.394,0.241,0.365,1.631,1.079,1.511,1
2025-10-20 15:08:58,1932.3692151758771,1597.9822840270501,1515.420106584771,5045.771605787699,0.383,0.317,0.3,1.209,1.275,0.948,1
2025-10-20 15:08:59,738.9867418402854,735.7524514533303,1321.5817500078772,2796.3209433014927,0.264,0.263,0.473,1.004,0.559,1.796,1
2025-10-20 15:09:00,1609.5105431800303,1167.7605623999443,1188.087131405263,3965.3582369852375,0.406,0.294,0.3,1.378,1.355,1.017,1
2025-10-20 15:09:01,953.3267418999238,1380.6135615536537,1492.63487544484,3826.5751788984176,0.249,0.361,0.39,0.691,0.639,1.081,1
2025-10-20 15:09:02,1453.7559572292603,1064.0985374145346,1267.2570435833522,3785.1115382271473,0.384,0.281,0.335,1.366,1.147,1.191,1
2025-10-20 15:09:03,1299.0287413280475,1081.3824397664137,1181.4940845070423,3561.9052656015037,0.365,0.304,0.332,1.201,1.099,1.093,1
2025-10-20 15:09:04,1564.2508437913737,1097.8991178703243,1220.747122255046,3882.897083916744,0.403,0.283,0.314,1.425,1.281,1.112,1
2025-10-20 15:09:05,1472.874249394248,1116.1297533196732,940.4585356009732,3529.462538314894,0.417,0.316,0.266,1.32,1.566,0.843,1
2025-10-20 15:09:06,1509.339666774623,1002.3070029751592,1189.519150324017,3701.1658200737993,0.408,0.271,0.321,1.506,1.269,1.187,1
2025-10-20 15:09:07,1453.806346510459,1106.5743269091245,1235.399251862979,3795.7799252825625,0.383,0.292,0.325,1.314,1.177,1.116,1
2025-10-20 15:09:08,1077.4378668584714,1110.4267711532352,1179.1523875121238,3367.0170255238304,0.32,0.33,0.35,0.97,0.914,1.062,1
2025-10-20 15:09:09,1491.9711871943086,1044.3854035681827,1152.8038808800693,3689.160471642561,0.404,0.283,0.312,1.429,1.294,1.104,1
2025-10-20 15:09:10,1514.9001336367248,1009.18013064976,1242.5542504184502,3766.634514704935,0.402,0.268,0.33,1.501,1.219,1.231,1
2025-10-20 15:09:11,1511.1886146640245,1108.328775086871,1205.554230199905,3825.0716199508006,0.395,0.29,0.315,1.363,1.254,1.088,1
2025-10-20 15:09:12,1518.8499004164403,1106.1511683105648,1187.4312407105951,3812.4323094376005,0.398,0.29,0.311,1.373,1.279,1.073,1
2025-10-20 15:09:13,1291.8668186158252,1091.968081644342,1191.0729954990131,3574.90789575918,0.361,0.305,0.333,1.183,1.085,1.091,1
2025-10-20 15:09:14,1346.8535555448518,1023.8500219694381,1111.2505298855447,3481.9541073998344,0.387,0.294,0.319,1.315,1.212,1.085,1
2025-10-20 15:09:15,1536.8254433533637,949.2919302454536,1187.128766115223,3673.2461397140405,0.418,0.258,0.323,1.619,1.295,1.251,1
2025-10-20 15:09:16,1457.165091717621,1104.2582207829819,1135.252530720511,3696.675843221114,0.394,0.299,0.307,1.32,1.284,1.028,1
2025-10-20 15:09:17,1461.837445977973,1022.0786119843068,1217.0808426672857,3700.9969006295655,0.395,0.276,0.329,1.43,1.201,1.191,1
2025-10-20 15:09:18,1481.2487639497103,1074.6359210863438,1161.1494380156137,3717.034123051668,0.399,0.289,0.312,1.378,1.276,1.081,1
2025-10-20 15:09:19,1301.0838477525824,1065.2335902678128,1205.9181737155343,3572.2356117359295,0.364,0.298,0.338,1.221,1.079,1.132,1
2025-10-20 15:09:20,1434.9557809747002,1076.4424026998936,1146.344889787775,3657.7430734623686,0.392,0.294,0.313,1.333,1.252,1.065,1
2025-10-20 15:09:21,1467.2067723090915,1094.6755229606817,1219.5580367527332,3781.4403320225065,0.388,0.289,0.323,1.34,1.203,1.114,1
2025-10-20 15:09:22,1502.123377204763,1094.2756884384091,1177.5798753439271,3773.9789409870996,0.398,0.29,0.312,1.373,1.276,1.076,1
2025-10-20 15:09:23,1544.7211122364424,1101.7925816959125,1192.7835286088045,3839.2972225411595,0.402,0.287,0.311,1.402,1.295,1.083,1
2025-10-20 15:09:24,1438.4005212709408,1099.424377457405,1171.855163164953,3709.680061893299,0.388,0.296,0.316,1.308,1.227,1.066,1
2025-10-20 15:09:26,1452.3213296398892,1104.8981849793208,1191.9191804373463,3749.138695056556,0.387,0.295,0.318,1.314,1.218,1.079,1
2025-10-20 15:09:27,1508.8238574023778,1119.7949594190518,1214.051175176566,3842.6699919979956,0.393,0.291,0.316,1.347,1.243,1.084,1
2025-10-20 15:09:28,1427.7266615607182,1122.0867052796318,1100.838298207396,3650.651665047746,0.391,0.307,0.302,1.272,1.297,0.981,1
2025-10-20 15:09:29,1555.9238787698928,1070.5900070193352,1214.1917554423344,3840.7056412315624,0.405,0.279,0.316,1.453,1.281,1.134,1
2025-10-20 15:09:30,1554.3382312068038,1115.3580640872224,1198.013167478328,3867.709462772354,0.402,0.288,0.31,1.394,1.297,1.074,1
2025-10-20 15:09:31,684.2313558838164,1105.1747625258554,1213.4716255117244,3002.8777439213964,0.228,0.368,0.404,0.619,0.564,1.098,1
2025-10-20 15:09:32,1491.7589315882133,1084.1636725515032,1233.5281229321374,3809.450727071854,0.392,0.285,0.324,1.376,1.209,1.138,1
2025-10-20 15:09:33,1527.8404516892815,1148.306411870996,1247.7662913326094,3923.913154892887,0.389,0.293,0.318,1.331,1.224,1.087,1
2025-10-20 15:09:34,1441.9609798023205,1086.832504145937,1272.698142978517,3801.4916269267746,0.379,0.286,0.335,1.327,1.133,1.171,1
2025-10-20 15:09:35,1540.3246419390377,1135.375453413459,1252.1244869020077,3927.824582254504,0.392,0.289,0.319,1.357,1.23,1.103,1
2025-10-20 15:09:36,1527.5344161992862,1090.5343074803047,1254.0712502429326,3872.1399739225235,0.394,0.282,0.324,1.401,1.218,1.15,1
2025-10-20 15:09:37,1274.1092665441456,1153.612409923538,1237.0571146274203,3664.7787910951038,0.348,0.315,0.338,1.104,1.03,1.072,1
2025-10-20 15:09:38,1469.0310491567868,1154.231462498452,1210.652042141723,3833.914553796962,0.383,0.301,0.316,1.273,1.213,1.049,1
2025-10-20 15:09:39,1505.8445078715422,1128.6540013992787,1231.1384416689905,3865.636950939812,0.39,0.292,0.318,1.334,1.223,1.091,1
2025-10-20 15:09:40,1596.6136277122193,1137.8549435047407,1320.6870601571234,4055.155631374084,0.394,0.281,0.326,1.403,1.209,1.161,1
2025-10-20 15:09:41,1666.423250362542,1099.3955597494169,1255.2722701901926,4021.091080302151,0.414,0.273,0.312,1.516,1.328,1.142,1
2025-10-20 15:09:42,378.25540760514224,1033.3597772795586,1304.0368113418729,2715.651996226574,0.139,0.381,0.48,0.366,0.29,1.262,1
2025-10-20 15:09:43,1617.9231600061719,1154.7398995113222,1280.6644071936735,4053.3274667111673,0.399,0.285,0.316,1.401,1.263,1.109,1
2025-10-20 15:09:44,1556.0681889851417,1107.4800976962176,1276.0279890477639,3939.576275729123,0.395,0.281,0.324,1.405,1.219,1.152,1
2025-10-20 15:09:45,1486.840957833354,1178.6884739142042,1289.6225805955694,3955.1520123431274,0.376,0.298,0.326,1.261,1.153,1.094,1
2025-10-20 15:09:46,1481.510366995161,1062.010431964349,1256.381500119818,3799.9022990793283,0.39,0.279,0.331,1.395,1.179,1.183,1
2025-10-20 15:09:47,1427.9696995488978,1168.7367467781262,1238.5914037237733,3835.297850050797,0.372,0.305,0.323,1.222,1.153,1.06,1
2025-10-20 15:09:48,1445.0659776055124,1191.597488565016,1267.8699575291325,3904.533423699661,0.37,0.305,0.325,1.213,1.14,1.064,1
2025-10-20 15:09:49,1561.7753946976468,1179.1358128812797,1260.459189806467,4001.3703973853935,0.39,0.295,0.315,1.325,1.239,1.069,1
2025-10-20 15:09:50,1610.7776796343946,1195.3330103451224,1321.8108189023526,4127.921508881869,0.39,0.29,0.32,1.348,1.219,1.106,1
2025-10-20 15:09:51,1547.999261856431,1030.0986062503837,1237.4950949297063,3815.592963036521,0.406,0.27,0.324,1.503,1.251,1.201,1
2025-10-20 15:09:52,1254.9342508788989,964.6513339466421,1236.5829856862774,3456.1685705118184,0.363,0.279,0.358,1.301,1.015,1.282,1
2025-10-20 15:09:53,1318.3209441938677,1087.22691689564,1215.7050520274774,3621.2529131169854,0.364,0.3,0.336,1.213,1.084,1.118,1
2025-10-20 15:09:54,1550.8038157213637,1041.558499608885,1235.7450318931103,3828.1073472233593,0.405,0.272,0.323,1.489,1.255,1.186,1
2025-10-20 15:09:55,1513.478872731209,1026.5563659503646,1250.9108261258575,3790.9460648074314,0.399,0.271,0.33,1.474,1.21,1.219,1
2025-10-20 15:09:56,1500.4575455667448,1002.0675402864549,1206.8376756966725,3709.3627615498726,0.405,0.27,0.325,1.497,1.243,1.204,1
2025-10-20 15:09:57,1471.0404208680404,1159.7367693413703,1245.7095337095336,3876.4867239189443,0.379,0.299,0.321,1.268,1.181,1.074,1
2025-10-20 15:10:37,1647.5063338374216,1191.5128616678267,1343.058326262028,4182.077521767276,0.394,0.285,0.321,1.383,1.227,1.127,1
2025-10-20 15:10:38,1481.5626986930413,1066.6015664734005,1223.4890538628706,3771.653319029312,0.393,0.283,0.324,1.389,1.211,1.147,1
2025-10-20 15:10:39,1263.1923864594628,1120.123915075444,1254.7090057884739,3638.0253073233807,0.347,0.308,0.345,1.128,1.007,1.12,1
2025-10-20 15:10:40,1491.1490329920364,1149.8647074143628,1219.9837114601512,3860.9974518665504,0.386,0.298,0.316,1.297,1.222,1.061,1
2025-10-20 15:10:41,1502.7692087207324,1193.8869675362566,1268.4834646383692,3965.1396408953583,0.379,0.301,0.32,1.259,1.185,1.062,1
2025-10-20 15:10:42,1363.646530983809,1175.4018607779396,1301.8713432140917,3840.91973497584,0.355,0.306,0.339,1.16,1.047,1.108,1
2025-10-20 15:10:43,1453.529248683116,1243.4567608431414,1333.4087838374846,4030.394793363742,0.361,0.309,0.331,1.169,1.09,1.072,1
2025-10-20 15:10:44,1633.9640429303258,1102.4007149052488,1317.7410892411128,4054.1058470766875,0.403,0.272,0.325,1.482,1.24,1.195,1
2025-10-20 15:10:45,1590.6796116504854,1262.2040325007524,1393.502774178544,4246.386418329782,0.375,0.297,0.328,1.26,1.141,1.104,1
2025-10-20 15:10:46,1595.6114355277423,1271.7527023544214,1382.4565335618584,4249.820671444022,0.375,0.299,0.325,1.255,1.154,1.087,1
2025-10-20 15:10:47,1849.0550400070535,1316.5209203050943,1475.3091804431938,4640.885140755341,0.398,0.284,0.318,1.405,1.253,1.121,1
2025-10-20 15:10:48,983.4126211884972,896.6307171029426,1211.2463902044587,3091.2897284958985,0.318,0.29,0.392,1.097,0.812,1.351,1
2025-10-20 15:10:49,1696.7592386577398,1305.9451380888627,1490.8310229615413,4493.535399708144,0.378,0.291,0.332,1.299,1.138,1.142,1
2025-10-20 15:10:50,1278.692742709937,1260.762294096429,1378.7301743832486,3918.1852111896146,0.326,0.322,0.352,1.014,0.927,1.094,1
2025-10-20 15:10:51,1489.1372576865724,1095.347331035203,1157.7679939272653,3742.2525826490405,0.398,0.293,0.309,1.36,1.286,1.057,1
2025-10-20 15:10:52,1503.2539469204164,1095.590528556689,1187.4816681294415,3786.326143606547,0.397,0.289,0.314,1.372,1.266,1.084,1
2025-10-20 15:10:53,1482.1124048128058,1118.0785583856477,1246.987260483715,3847.1782236821687,0.385,0.291,0.324,1.326,1.189,1.115,1
2025-10-20 15:10:54,1635.4612805115808,1228.63202296561,1312.2783305174896,4176.37163399468,0.392,0.294,0.314,1.331,1.246,1.068,1
2025-10-20 15:10:55,2247.2094082348844,1688.0524811848513,1877.2760434150161,5812.537932834752,0.387,0.29,0.323,1.331,1.197,1.112,1
2025-10-20 15:10:56,1585.4784630214142,1125.3532236859758,1195.2819139083228,3906.113600615713,0.406,0.288,0.306,1.409,1.326,1.062,1
2025-10-20 15:10:57,1737.9232617883483,1242.4438289615948,1241.1203006406367,4221.487391390579,0.412,0.294,0.294,1.399,1.4,0.999,1
2025-10-20 15:10:58,1404.5388028463792,1119.8398056308322,1175.9456087474591,3700.3242172246705,0.38,0.303,0.318,1.254,1.194,1.05,1
2025-10-20 15:10:59,1372.279605424594,1076.4562159942511,1167.93940744041,3616.675228859255,0.379,0.298,0.323,1.275,1.175,1.085,1
2025-10-20 15:11:00,1192.2071572723914,1121.0220499799545,1069.6617063871568,3382.8909136395027,0.352,0.331,0.316,1.064,1.115,0.954,1
2025-10-20 15:11:08,1646.27769600628,1267.237899570971,1426.100438611404,4339.616034188654,0.379,0.292,0.329,1.299,1.154,1.125,1
2025-10-20 15:11:09,1524.6470374409305,1352.3905333075386,1481.431876379691,4358.46944712816,0.35,0.31,0.34,1.127,1.029,1.095,1
2025-10-20 15:11:10,1582.9354266520738,1641.670515480058,2176.5413455800317,5401.147287712163,0.293,0.304,0.403,0.964,0.727,1.326,1
2025-10-20 15:11:11,3845.1631829849653,3357.054586201377,4029.4975501969448,11231.715319383286,0.342,0.299,0.359,1.145,0.954,1.2,1
2025-10-20 15:11:12,4580.434640165993,3083.8203073303434,4374.306721593575,12038.561669089911,0.38,0.256,0.363,1.485,1.047,1.418,1
2025-10-20 15:11:13,5006.330866555264,3870.533843953306,3965.494941854968,12842.359652363537,0.39,0.301,0.309,1.293,1.262,1.025,1
2025-10-20 15:11:14,4167.631160572337,3215.134720784945,3625.3113790570033,11008.077260414284,0.379,0.292,0.329,1.296,1.15,1.128,1
2025-10-20 15:11:15,4342.603924004763,3426.9989378217174,3504.8917857441297,11274.494647570611,0.385,0.304,0.311,1.267,1.239,1.023,1
2025-10-20 15:11:16,4233.890879725433,3210.9504306220097,2578.2542414556183,10023.09555180306,0.422,0.32,0.257,1.319,1.642,0.803,1
2025-10-20 15:11:17,4166.3891924108475,3818.905581353,3723.4710817168984,11708.765855480746,0.356,0.326,0.318,1.091,1.119,0.975,1
2025-10-20 15:11:18,3083.593589178062,1962.5688416816788,2031.9763583072936,7078.138789167034,0.436,0.277,0.287,1.571,1.518,1.035,1
2025-10-20 15:11:19,2857.447286848111,2222.1478145695364,2268.6629164863693,7348.258017904018,0.389,0.302,0.309,1.286,1.26,1.021,1
2025-10-20 15:11:20,1792.207836602145,1679.871835950016,1868.6614243389542,5340.741096891115,0.336,0.315,0.35,1.067,0.959,1.112,1
2025-10-20 15:11:21,2547.0192804007893,1809.293417306531,2446.728306839726,6803.041004547047,0.374,0.266,0.36,1.408,1.041,1.352,1
2025-10-20 15:11:21,2475.318835020213,1792.7823726785066,2124.9893606241767,6393.090568322897,0.387,0.28,0.332,1.381,1.165,1.185,1
2025-10-20 15:11:22,2477.07308430533,2085.836337867071,3294.818538884525,7857.727961056926,0.315,0.265,0.419,1.188,0.752,1.58,1
2025-10-20 15:11:23,3647.8552791789875,2719.2479496904275,3087.9069425016564,9455.010171371072,0.386,0.288,0.327,1.341,1.181,1.136,1
2025-10-20 15:11:24,3914.2401194531285,2160.34200360546,2193.5015558402847,8268.083678898873,0.473,0.261,0.265,1.812,1.784,1.015,1
2025-10-20 15:11:25,2700.253653511878,1872.749760007144,2519.252807976455,7092.256221495477,0.381,0.264,0.355,1.442,1.072,1.345,1
2025-10-20 15:11:26,3554.946815273128,4008.5095809241648,4530.7091547394,12094.165550936694,0.294,0.331,0.375,0.887,0.785,1.13,1
2025-10-20 15:11:27,3639.9409875900374,3077.0332330716747,3598.40768702814,10315.381907689853,0.353,0.298,0.349,1.183,1.012,1.169,1
2025-10-20 15:11:28,3590.3989042972094,2857.6419690001703,3473.543685300207,9921.584558597586,0.362,0.288,0.35,1.256,1.034,1.216,1
2025-10-20 15:11:29,1814.8518021721259,1286.5568540842305,1427.3865473293743,4528.795203585731,0.401,0.284,0.315,1.411,1.271,1.109,1
2025-10-20 15:11:41,2316.207305961289,1646.7301387880098,1854.2458001768346,5817.183244926133,0.398,0.283,0.319,1.407,1.249,1.126,1
2025-10-20 15:11:42,1222.276813684778,1676.2799992006874,1794.2011378705565,4692.757950756022,0.26,0.357,0.382,0.729,0.681,1.07,1
2025-10-20 15:11:43,2091.7657033139667,1532.9778330074378,1734.79640161307,5359.539937934474,0.39,0.286,0.324,1.365,1.206,1.132,1
2025-10-20 15:11:44,2285.5374220091003,1566.7341526278435,1480.5690282043136,5332.840602841257,0.429,0.294,0.278,1.459,1.544,0.945,1
2025-10-20 15:11:45,2066.719554559117,1693.1632488293235,1702.6829317798931,5462.565735168334,0.378,0.31,0.312,1.221,1.214,1.006,1
2025-10-20 15:11:46,1990.179833926453,1656.518167456556,1769.33791736095,5416.035918743959,0.367,0.306,0.327,1.201,1.125,1.068,1
2025-10-20 15:11:47,1755.1592250073231,1648.2832609592674,1394.5452429637758,4797.987728930366,0.366,0.344,0.291,1.065,1.259,0.846,1
2025-10-20 15:11:48,1036.2446882102975,1635.8439937597504,1858.4359076609508,4530.524589630999,0.229,0.361,0.41,0.633,0.558,1.136,1
2025-10-20 15:11:49,2279.327228758525,1521.8533771157997,1789.0735369390889,5590.254142813414,0.408,0.272,0.32,1.498,1.274,1.176,1
2025-10-20 15:11:50,2071.4146726918043,1459.3197988970653,1615.7728682319857,5146.507339820855,0.402,0.284,0.314,1.419,1.282,1.107,1
2025-10-20 15:11:51,2328.034856936697,1688.5621691257875,1820.9186420074673,5837.515668069952,0.399,0.289,0.312,1.379,1.278,1.078,1
2025-10-20 15:11:52,1997.382732511072,1675.1753334930904,1772.6281089533632,5445.1861749575255,0.367,0.308,0.326,1.192,1.127,1.058,1
2025-10-20 15:11:53,2309.0665859230917,1694.2917735452727,1556.3857657055921,5559.7441251739565,0.415,0.305,0.28,1.363,1.484,0.919,1
2025-10-20 15:11:54,1008.6826030493963,1148.526520441414,1827.185362666086,3984.394486156896,0.253,0.288,0.459,0.878,0.552,1.591,1
2025-10-20 15:11:55,1736.2685763960756,1651.463333005217,1730.2520523080732,5117.983961709366,0.339,0.323,0.338,1.051,1.003,1.048,1
2025-10-20 15:11:56,2282.3660009794853,1642.7635907880308,1829.7759842949067,5754.905576062423,0.397,0.285,0.318,1.389,1.247,1.114,1
2025-10-20 15:11:57,2202.4858875731875,1660.650116799303,1775.8553676143702,5638.991371986861,0.391,0.294,0.315,1.326,1.24,1.069,1
2025-10-20 15:11:58,2015.620164351963,1646.1484723012618,1493.5650316033116,5155.333668256537,0.391,0.319,0.29,1.224,1.35,0.907,1
2025-10-20 15:11:59,2281.062678450034,1582.218869063337,1640.739335380523,5504.020882893894,0.414,0.287,0.298,1.442,1.39,1.037,1
2025-10-20 15:12:00,916.6475074851935,458.89038413146466,623.7161509063601,1999.2540425230184,0.458,0.23,0.312,1.998,1.47,1.359,1
2025-10-20 15:12:01,1744.1021269517848,1607.8754887679215,1786.0262306251066,5138.003846344813,0.339,0.313,0.348,1.085,0.977,1.111,1
2025-10-20 15:12:02,2152.1943710393307,1611.241764784972,1574.202071760997,5337.6382075853,0.403,0.302,0.295,1.336,1.367,0.977,1
2025-10-20 15:12:03,2233.0319970185806,1549.3144208037825,1713.884564306875,5496.230982129238,0.406,0.282,0.312,1.441,1.303,1.106,1
2025-10-20 15:12:04,2156.5653761118824,1579.1212680245474,1763.4610775925498,5499.147721728979,0.392,0.287,0.321,1.366,1.223,1.117,1
2025-10-20 15:12:05,2061.0830466830466,1555.1738969225064,1573.8181272396391,5190.075070845192,0.397,0.3,0.303,1.325,1.31,1.012,1
2025-10-20 15:12:06,2228.819512713553,1600.879389312977,1751.5311214582507,5581.230023484781,0.399,0.287,0.314,1.392,1.272,1.094,1
2025-10-20 15:12:07,2195.1087269396835,1253.9962627999103,1655.9295668996012,5105.034556639195,0.43,0.246,0.324,1.75,1.326,1.321,1
2025-10-20 15:12:08,2221.147562687002,1606.1207375213005,1397.8916495858955,5225.159949794198,0.425,0.307,0.268,1.383,1.589,0.87,1
2025-10-20 15:12:09,878.5170600925791,1551.1479289940828,1766.245841579989,4195.910830666651,0.209,0.37,0.421,0.566,0.497,1.139,1
2025-10-20 15:12:10,2146.1375905032364,1519.0424279738515,1636.7376882853353,5301.917706762423,0.405,0.287,0.309,1.413,1.311,1.077,1
2025-10-20 15:12:11,2135.701410458781,1513.7519849862856,1680.5449154579694,5329.998310903036,0.401,0.284,0.315,1.411,1.271,1.11,1
2025-10-20 15:12:12,2103.1986962517235,1556.356889738214,1697.85819823102,5357.4137842209575,0.393,0.291,0.317,1.351,1.239,1.091,1
2025-10-20 15:12:13,2011.3671893732317,1547.0856847773966,1609.5723084598117,5168.0251826104395,0.389,0.299,0.311,1.3,1.25,1.04,1
2025-10-20 15:12:14,2086.718407960199,1502.123377204763,1548.199250687485,5137.041035852447,0.406,0.292,0.301,1.389,1.348,1.031,1
2025-10-20 15:12:15,2010.8850321219677,1480.1249228054699,1722.5775185839254,5213.587473511363,0.386,0.284,0.33,1.359,1.167,1.164,1
2025-10-20 15:12:16,2213.3530343007915,1487.631984961606,1779.8493560501581,5480.8343753125555,0.404,0.271,0.325,1.488,1.244,1.196,1
2025-10-20 15:12:17,2032.8627165879075,1613.628284538145,1819.3784024117813,5465.869403537834,0.372,0.295,0.333,1.26,1.117,1.128,1
2025-10-20 15:12:18,2208.5745879627193,1516.7627382200847,1656.6817418781475,5382.019068060951,0.41,0.282,0.308,1.456,1.333,1.092,1
2025-10-20 15:12:19,1808.4742912579497,1565.2432220625828,1737.5632793404864,5111.280792661019,0.354,0.306,0.34,1.155,1.041,1.11,1
2025-10-20 15:12:20,1532.8377736359316,1228.8300007324397,1751.165480241321,4512.833254609692,0.34,0.272,0.388,1.247,0.875,1.425,1
2025-10-20 15:12:21,1311.1707149332583,1499.143612838659,1790.1807550310507,4600.495082802968,0.285,0.326,0.389,0.875,0.732,1.194,1
2025-10-20 15:12:22,2205.033251846595,1568.9318645145604,1736.520173059805,5510.48528942096,0.4,0.285,0.315,1.405,1.27,1.107,1
2025-10-20 15:12:23,2009.7287973167226,1625.636215650556,1587.2784726295672,5222.6434855968455,0.385,0.311,0.304,1.236,1.266,0.976,1
2025-10-20 15:12:24,2197.6966203824995,1459.4467448415046,1757.5863224941334,5414.729687718137,0.406,0.27,0.325,1.506,1.25,1.204,1
2025-10-20 15:12:25,2257.0043317997147,1566.7926783713112,1682.398668297868,5506.195678468894,0.41,0.285,0.306,1.441,1.342,1.074,1
2025-10-20 15:12:26,2258.9492392621514,1621.6764614908755,1665.4968530982587,5546.122553851285,0.407,0.292,0.3,1.393,1.356,1.027,1
2025-10-20 15:12:27,2196.8333115097553,1596.6744070958164,1727.7574559235459,5521.265174529117,0.398,0.289,0.313,1.376,1.271,1.082,1
2025-10-20 15:12:28,2219.736974411897,1397.8217689795374,1695.6617007944049,5313.220444185839,0.418,0.263,0.319,1.588,1.309,1.213,1
2025-10-20 15:12:29,1001.4932964028606,1562.968455963183,1743.3409534893387,4307.802705855383,0.232,0.363,0.405,0.641,0.574,1.115,1
2025-10-20 15:12:30,1968.602271660565,1504.3592410602203,1663.3502538071066,5136.311766527891,0.383,0.293,0.324,1.309,1.184,1.106,1
2025-10-20 15:12:31,2117.479806138934,1513.7519849862856,1750.3981303730907,5381.62992149831,0.393,0.281,0.325,1.399,1.21,1.156,1
2025-10-20 15:12:32,2203.816729718369,1580.7281224089847,1728.398236287963,5512.943088415317,0.4,0.287,0.314,1.394,1.275,1.093,1
2025-10-20 15:12:33,2047.4001757297667,1579.9838020077977,1662.361380841029,5289.745358578593,0.387,0.299,0.314,1.296,1.232,1.052,1
2025-10-20 15:12:34,1486.6828533451485,1004.8042163262861,1745.154364650079,4236.641434321514,0.351,0.237,0.412,1.48,0.852,1.737,1
2025-10-20 15:12:35,1537.2478879950154,1569.0492490133363,1756.2983899671294,4862.595526975481,0.316,0.323,0.361,0.98,0.875,1.119,1
2025-10-20 15:12:36,2054.1685236427747,1478.5074995153075,1770.3834708650782,5303.05949402316,0.387,0.279,0.334,1.389,1.16,1.197,1
2025-10-20 15:12:37,1825.9126725001088,1451.9191359734145,1691.4221191652384,4969.2539276387615,0.367,0.292,0.34,1.258,1.08,1.165,1
2025-10-20 15:12:38,1322.2275113093642,1077.1473330080382,1104.3454449710373,3503.7202892884397,0.377,0.307,0.315,1.228,1.197,1.025,1
2025-10-20 15:12:39,1446.9603615413805,1018.3810032535328,1012.0535186458673,3477.3948834407806,0.416,0.293,0.291,1.421,1.43,0.994,1
2025-10-20 15:12:40,1317.7410892411128,976.5778015786165,1094.7183797045466,3389.037270524276,0.389,0.288,0.323,1.349,1.204,1.121,1
2025-10-20 15:12:41,1305.2948682040271,972.5696795436628,1019.5196888672824,3297.384236614972,0.396,0.295,0.309,1.342,1.28,1.048,1
2025-10-20 15:12:42,1297.2408567231114,1011.8826069649341,1141.5867831577802,3450.7102468458256,0.376,0.293,0.331,1.282,1.136,1.128,1
2025-10-20 15:12:43,653.1708570494203,482.2785261330252,1041.0802223987291,2176.5296055811746,0.3,0.222,0.478,1.354,0.627,2.159,1
2025-10-20 15:12:44,1252.0310447761194,896.1517835204633,1059.1275582995593,3207.310386596142,0.39,0.279,0.33,1.397,1.182,1.182,1
2025-10-20 15:12:45,1304.7467064843763,1040.6669313219531,1019.482517652492,3364.8961554588213,0.388,0.309,0.303,1.254,1.28,0.98,1
2025-10-20 15:12:46,1377.9375143730083,1068.9937812213273,1191.4959377308107,3638.4272333251465,0.379,0.294,0.327,1.289,1.156,1.115,1
2025-10-20 15:12:47,1169.7145645959702,1045.583018609231,1023.5127319757439,3238.810315180945,0.361,0.323,0.316,1.119,1.143,0.979,1
2025-10-20 15:12:48,1413.818279877977,1079.4898917757273,1154.6286406430656,3647.93681229677,0.388,0.296,0.317,1.31,1.224,1.07,1
2025-10-20 15:12:49,1405.597855227882,1021.2449324941259,1064.3280552172148,3491.170842939223,0.403,0.293,0.305,1.376,1.321,1.042,1
2025-10-20 15:12:50,1362.8489732258904,961.7647126265464,1453.6551891451643,3778.2688749976014,0.361,0.255,0.385,1.417,0.938,1.511,1
2025-10-20 15:12:51,5868.211262679259,3643.1025796925214,3317.0975522954645,12828.411394667244,0.457,0.284,0.259,1.611,1.769,0.911,1
2025-10-20 15:12:52,6908.184139010129,4542.485514701901,4729.973498731322,16180.643152443352,0.427,0.281,0.292,1.521,1.461,1.041,1
2025-10-20 15:12:53,7174.656175162504,4283.61742327529,4846.9451666955565,16305.218765133352,0.44,0.263,0.297,1.675,1.48,1.132,1
2025-10-20 15:12:54,7188.181662382177,4469.871583097991,4983.134133301652,16641.18737878182,0.432,0.269,0.299,1.608,1.443,1.115,1
2025-10-20 15:12:55,6537.256857855362,4196.40220110055,5034.57448085464,15768.233539810553,0.415,0.266,0.319,1.558,1.298,1.2,1
2025-10-20 15:12:56,6858.480909165236,4622.07724943523,4085.0294618943267,15565.587620494793,0.441,0.297,0.262,1.484,1.679,0.884,1
2025-10-20 15:12:57,7054.585821209318,3766.098590284637,5156.191529903497,15976.875941397453,0.442,0.236,0.323,1.873,1.368,1.369,1
2025-10-20 15:12:58,7249.682827759053,4783.649635036496,5124.691795467042,17158.02425826259,0.423,0.279,0.299,1.516,1.415,1.071,1
2025-10-20 15:12:59,7247.177537796976,4784.195277746093,5064.055538786598,17095.428354329666,0.424,0.28,0.296,1.515,1.431,1.058,1
2025-10-20 15:13:00,8030.449932988704,5555.737466057355,6030.631200575126,19616.818599621183,0.409,0.283,0.307,1.445,1.332,1.085,1
2025-10-20 15:13:01,7963.364344028859,5411.306928138305,6014.201319185547,19388.872591352712,0.411,0.279,0.31,1.472,1.324,1.111,1
2025-10-20 15:13:02,8012.0420248328555,4757.334543186072,5027.031821178162,17796.40838919709,0.45,0.267,0.282,1.684,1.594,1.057,1
2025-10-20 15:13:03,5899.161744022504,2408.99661133766,4206.291932006217,12514.45028736638,0.471,0.192,0.336,2.449,1.402,1.746,1
2025-10-20 15:13:03,5186.156414219475,3173.296009078873,3910.955289290876,12270.407712589224,0.423,0.259,0.319,1.634,1.326,1.232,1
2025-10-20 15:13:04,7176.497561810249,5129.392197627491,6308.647063247349,18614.53682268509,0.386,0.276,0.339,1.399,1.138,1.23,1
2025-10-20 15:13:05,4978.40237388724,4555.80731005268,4877.097674418605,14411.307358358525,0.345,0.316,0.338,1.093,1.021,1.071,1
2025-10-20 15:13:06,7594.937075599819,5498.563188253802,5650.035697447296,18743.535961300917,0.405,0.293,0.301,1.381,1.344,1.028,1
2025-10-20 15:13:07,8062.093224411341,6626.072669826224,7310.97089070943,21999.136784946997,0.366,0.301,0.332,1.217,1.103,1.103,1
2025-10-20 15:13:08,9083.49539794261,6526.5758966778185,7201.140012018199,22811.21130663863,0.398,0.286,0.316,1.392,1.261,1.103,1
2025-10-20 15:13:09,8958.359675352414,6162.203775802542,7239.672046258738,22360.235497413694,0.401,0.276,0.324,1.454,1.237,1.175,1
2025-10-20 15:13:10,8905.104033970276,6581.881522165555,7382.38845375341,22869.37400988924,0.389,0.288,0.323,1.353,1.206,1.122,1
2025-10-20 15:13:11,8806.937532808399,5458.490369599167,7040.375996642887,21305.803899050454,0.413,0.256,0.33,1.613,1.251,1.29,1
2025-10-20 15:13:12,8978.495130043882,6111.4731167128075,7093.960253699788,22183.928500456477,0.405,0.275,0.32,1.469,1.266,1.161,1
2025-10-20 15:22:55,42473.964556962026,27218.066190785205,27952.70909696768,97644.7398447149,0.435,0.279,0.286,1.561,1.519,1.027,1
2025-10-20 15:22:57,37600.21515015688,26554.63121240899,26766.4582003829,90921.30456294876,0.414,0.292,0.294,1.416,1.405,1.008,1
2025-10-20 15:22:58,39053.109869646185,24869.87251704714,27360.104370515328,91283.08675720866,0.428,0.272,0.3,1.57,1.427,1.1,1
2025-10-20 15:23:00,43151.27572016461,29683.68011323425,28234.964658364188,101069.92049176304,0.427,0.294,0.279,1.454,1.528,0.951,1
2025-10-20 15:23:03,44715.39445628998,30393.507246376812,29157.483489746264,104266.38519241306,0.429,0.291,0.28,1.471,1.534,0.959,1
2025-10-20 15:23:04,52038.511166253105,32883.60642885143,34981.684737281066,119903.80233238559,0.434,0.274,0.292,1.583,1.488,1.064,1
2025-10-20 15:23:05,49402.87396937574,31691.00113335852,30885.891016200294,111979.76611893455,0.441,0.283,0.276,1.559,1.6,0.975,1
2025-10-20 15:23:08,43896.43118785976,31787.07086017431,33117.28385313857,108800.78590117264,0.403,0.292,0.304,1.381,1.325,1.042,1
2025-10-20 15:23:11,46397.16814159292,32870.72100313479,34649.35150764147,113917.24065236919,0.407,0.289,0.304,1.412,1.339,1.054,1
2025-10-20 15:23:13,50778.498789346246,33182.784810126584,33447.400318979264,117408.6839184521,0.432,0.283,0.285,1.53,1.518,1.008,1
2025-10-20 15:23:14,50655.84541062802,32066.544342507645,45590.260869565216,128312.65062270088,0.395,0.25,0.355,1.58,1.111,1.422,1
2025-10-20 15:23:15,71514.1346973572,43217.97011849562,45442.08017334778,160174.1849892006,0.446,0.27,0.284,1.655,1.574,1.051,1
2025-10-20 15:23:16,22298.26687931951,19517.46859004188,18505.643061989853,60321.37853135124,0.37,0.324,0.307,1.142,1.205,0.948,1
2025-10-20 15:23:23,9097.286628348334,16393.60562829783,30023.650680028633,55514.5429366748,0.164,0.295,0.541,0.555,0.303,1.831,1
2025-10-20 15:23:24,63310.249056603774,43873.47280334728,30185.707088880892,137369.42894883195,0.461,0.319,0.22,1.443,2.097,0.688,1
2025-10-20 15:23:25,6984.104570810091,4601.5403181568845,4600.530876384776,16186.175765351752,0.431,0.284,0.284,1.518,1.518,1.0,1
2025-10-20 15:23:26,7508.6000716075905,5054.596288262232,4723.049377850346,17286.245737720168,0.434,0.292,0.273,1.485,1.59,0.934,1
2025-10-20 15:23:27,7339.756759121533,4747.104295172882,4426.238919375264,16513.09997366968,0.444,0.287,0.268,1.546,1.658,0.932,1
2025-10-20 15:23:28,8429.067524115755,6592.226326129666,6474.190013120321,21495.483863365742,0.392,0.307,0.301,1.279,1.302,0.982,1
2025-10-20 15:23:29,39217.428705002334,20590.594010800196,12971.405597649606,72779.42831345214,0.539,0.283,0.178,1.905,3.023,0.63,1
2025-10-20 15:23:30,46655.216907675196,28378.240866035183,31932.272554244384,106965.73032795476,0.436,0.265,0.299,1.644,1.461,1.125,1
2025-10-20 15:23:31,88208.28601472135,55079.50098489823,59241.581920903955,202529.36892052353,0.436,0.272,0.293,1.601,1.489,1.076,1
2025-10-20 15:23:35,75234.15246636771,51909.70297029703,59662.93029871977,186806.7857353845,0.403,0.278,0.319,1.449,1.261,1.149,0
2025-10-20 15:23:36,90785.80086580086,58497.96373779637,61186.053975200586,210469.8185787978,0.431,0.278,0.291,1.552,1.484,1.046,0
2025-10-20 15:23:37,75234.15246636771,49991.70441001192,40079.35021500239,165305.20709138204,0.455,0.302,0.242,1.505,1.877,0.802,1
2025-10-20 15:23:38,74038.90556045895,60133.390681003584,59535.89779985805,193708.1940413206,0.382,0.31,0.307,1.231,1.244,0.99,1
2025-10-20 15:23:39,80737.32435033686,48856.19103086779,46141.958195819585,175735.47357702424,0.459,0.278,0.263,1.653,1.75,0.944,1
2025-10-20 15:23:40,48545.18518518518,44739.242666666665,44127.34350341925,137411.7713552711,0.353,0.326,0.321,1.085,1.1,0.986,1
2025-10-20 15:23:41,71453.21976149915,48349.32564841498,51909.70297029703,171712.24838021118,0.416,0.282,0.302,1.478,1.376,1.074,1
2025-10-20 15:23:42,61908.54612546125,42668.4028484232,46785.32069157836,151362.2696654628,0.409,0.282,0.309,1.451,1.323,1.096,1
2025-10-20 15:23:43,72754.62272333044,40079.35021500239,39383.13615023474,152217.10908856755,0.478,0.263,0.259,1.815,1.847,0.983,1
2025-10-20 15:23:44,71271.09600679694,45639.86942328618,44979.131367292226,161890.09679737536,0.44,0.282,0.278,1.562,1.585,0.986,1
2025-10-20 15:23:45,67055.21982414069,47021.34529147982,47500.61155152888,161577.17666714938,0.415,0.291,0.294,1.426,1.412,1.01,1
2025-10-20 15:23:46,78106.21973929237,45764.36442989635,48210.3908045977,172080.97497378642,0.454,0.266,0.28,1.707,1.62,1.053,1
2025-10-20 15:23:47,77600.4440333025,29778.516151934684,66418.11559778305,173797.07578302023,0.447,0.171,0.382,2.606,1.168,2.23,1
2025-10-20 15:23:48,91279.73884657236,63937.560975609755,63072.240601503756,218289.54042368586,0.418,0.293,0.289,1.428,1.447,0.986,1
2025-10-20 15:23:49,97883.40723453909,66313.10671936758,63310.249056603774,227506.76301051042,0.43,0.291,0.278,1.476,1.546,0.955,1
2025-10-20 15:23:50,93103.30743618202,62648.304705003735,65382.759158222914,221134.37129940867,0.421,0.283,0.296,1.486,1.424,1.044,1
2025-10-20 15:23:55,70374.22818791946,48461.05141536684,47286.40360766629,166121.6832109526,0.424,0.292,0.285,1.452,1.488,0.976,1
2025-10-20 15:23:57,61908.54612546125,47259.76338028169,47313.07388606881,156481.38339181175,0.396,0.302,0.302,1.31,1.308,1.001,1
2025-10-20 15:23:58,70909.61961115808,48099.81651376147,49257.827363476215,168267.26348839578,0.421,0.286,0.293,1.474,1.44,1.024,1
2025-10-20 15:23:59,71575.15358361775,50472.97232250301,49142.40187463386,171190.5277807546,0.418,0.295,0.287,1.418,1.456,0.974,1
2025-10-20 15:24:00,66104.08195429471,51685.81638940234,46837.56560580681,164627.46394950384,0.402,0.314,0.285,1.279,1.411,0.906,1
2025-10-20 15:24:00,68366.81336593317,47962.309891366494,46448.54928017719,162777.67253747684,0.42,0.295,0.285,1.425,1.472,0.968,1
2025-10-20 15:24:01,67704.66505246166,49373.79635079458,51877.600494743354,168956.0618979996,0.401,0.292,0.307,1.371,1.305,1.051,1
2025-10-20 15:24:02,73071.49825783972,51306.47094801223,46733.1922005571,171111.16140640905,0.427,0.3,0.273,1.424,1.564,0.911,1
2025-10-20 15:24:10,39401.63457022076,28130.81153588196,29485.441124780315,97017.88723088303,0.406,0.29,0.304,1.401,1.336,1.048,1
2025-10-20 15:24:12,42864.629535002554,30795.18355359765,31394.491017964072,105054.30410656428,0.408,0.293,0.299,1.392,1.365,1.019,1
2025-10-20 15:24:13,44979.131367292226,24244.531791907513,31000.029563932003,100223.69272313174,0.449,0.242,0.309,1.855,1.451,1.279,1
2025-10-20 15:24:14,35560.01695633743,32005.371995421596,31394.491017964072,98959.8799697231,0.359,0.323,0.317,1.111,1.133,0.981,1
2025-10-20 15:24:15,43509.377593360994,29694.18761061947,35305.589225589225,108509.15442956968,0.401,0.274,0.325,1.465,1.232,1.189,1
2025-10-20 15:24:19,51653.99014778325,34937.975843398584,35231.44897102058,121823.41496220243,0.424,0.287,0.289,1.478,1.466,1.008,1
2025-10-20 15:24:21,48686.05919907139,35084.098703471354,33934.49838187702,117704.65628441976,0.414,0.298,0.288,1.388,1.435,0.967,1
2025-10-20 15:24:22,49027.51607247224,33743.39501206758,34778.640132669985,117549.5512172098,0.417,0.287,0.296,1.453,1.41,1.031,1
2025-10-20 15:24:23,48517.10815500289,34044.67532467532,10022.231780167263,92584.01525984547,0.524,0.368,0.108,1.425,4.841,0.294,1
2025-10-20 15:24:24,48265.868814729576,35084.098703471354,33394.140127388535,116744.10764558945,0.413,0.301,0.286,1.376,1.445,0.952,1
2025-10-20 15:24:24,49402.87396937574,35290.73622212873,32526.59170221016,117220.20189371463,0.421,0.301,0.277,1.4,1.519,0.922,1
2025-10-20 15:24:25,48545.18518518518,34086.1763510768,33209.057798891525,115840.4193351535,0.419,0.294,0.287,1.424,1.462,0.974,1
2025-10-20 15:24:29,48714.33217189315,34692.34077750207,33961.975708502025,117368.64865789724,0.415,0.296,0.289,1.404,1.434,0.979,1
2025-10-20 15:24:30,45990.17543859649,33797.77598710717,34967.10295956649,114755.05438527014,0.401,0.295,0.305,1.361,1.315,1.035,1
2025-10-20 15:24:33,37888.92502258356,31512.426746806912,32164.907975460123,101566.2597448506,0.373,0.31,0.317,1.202,1.178,1.021,1
2025-10-20 15:24:36,42603.39258506856,22063.671751709626,40681.90106692532,105348.9654037035,0.404,0.209,0.386,1.931,1.047,1.844,1
2025-10-20 15:24:36,50351.7887154862,35590.19092066186,39272.50936329588,125214.48899944394,0.402,0.284,0.314,1.415,1.282,1.103,1
2025-10-20 15:24:46,9583.694733234319,5916.637043306531,6240.130923157033,21740.462699697884,0.441,0.272,0.287,1.62,1.536,1.055,1
2025-10-20 15:24:47,9756.464294021865,5265.918392969241,6048.895298528988,21071.277985520093,0.463,0.25,0.287,1.853,1.613,1.149,1
2025-10-20 15:24:48,10625.215959468018,5867.390361614324,6440.8845208845205,22933.49084196686,0.463,0.256,0.281,1.811,1.65,1.098,1
2025-10-20 15:24:49,11244.782841823057,5795.238687392055,6357.896013339397,23397.917542554507,0.481,0.248,0.272,1.94,1.769,1.097,1
2025-10-20 15:24:50,11234.24132851212,5789.639036510456,6385.48222577453,23409.362590797104,0.48,0.247,0.273,1.94,1.759,1.103,1
2025-10-20 15:24:51,11320.658569500674,6065.0770009399175,6543.375975039002,23929.111545479594,0.473,0.253,0.273,1.867,1.73,1.079,1
2025-10-20 15:24:52,9683.259840701836,6424.11395313218,7100.56543084476,23207.939224678776,0.417,0.277,0.306,1.507,1.364,1.105,1
2025-10-20 15:24:53,32551.835467597983,21183.353535353537,22944.770240700218,76679.95924365174,0.425,0.276,0.299,1.537,1.419,1.083,1
2025-10-20 15:24:54,20712.612345679012,5377.3128205128205,6549.506558400999,32639.431724592832,0.635,0.165,0.201,3.852,3.162,1.218,1
2025-10-20 15:24:55,10863.258223258223,6119.498103297345,6413.308868501529,23396.065195057094,0.464,0.262,0.274,1.775,1.694,1.048,1
2025-10-20 15:24:56,11264.412515106755,6636.031959496875,5527.184555577519,23427.62903018115,0.481,0.283,0.236,1.697,2.038,0.833,1
2025-10-20 15:24:57,11557.740424359328,6438.412771509709,7339.756759121533,25335.909954990573,0.456,0.254,0.29,1.795,1.575,1.14,1
2025-10-20 15:24:58,9987.627098464103,9775.793031115254,20671.77920157713,40435.19933115649,0.247,0.242,0.511,1.022,0.483,2.115,1
2025-10-20 15:24:59,21443.271983640083,10676.604301896397,11352.832588983625,43472.7088745201,0.493,0.246,0.261,2.008,1.889,1.063,1
2025-10-20 15:25:00,14998.40514929376,11340.55427876166,12572.853717026379,38911.8131450818,0.385,0.291,0.323,1.323,1.193,1.109,1
2025-10-20 15:25:01,18200.4946843133,11522.813186813188,5442.200596859998,35165.50846798649,0.518,0.328,0.155,1.58,3.344,0.472,1
2025-10-20 15:25:02,14958.288159771755,9459.413622011727,10205.119221411192,34622.82100319467,0.432,0.273,0.295,1.581,1.466,1.079,1
2025-10-20 15:25:03,21971.210057621793,16422.490211433047,23026.648366730715,61420.34863578556,0.358,0.267,0.375,1.338,0.954,1.402,1
2025-10-20 15:25:04,34113.89995933306,23669.887133182845,26019.255583126553,83803.04267564246,0.407,0.282,0.31,1.441,1.311,1.099,1
2025-10-20 15:25:05,35635.54800339847,22116.02425520696,23730.149929278643,81481.72218788408,0.437,0.271,0.291,1.611,1.502,1.073,1
2025-10-20 15:25:06,26504.290679304897,23237.141274238227,23858.384527872582,73599.8164814157,0.36,0.316,0.324,1.141,1.111,1.027,1
2025-10-20 15:25:07,29959.314285714285,23205.001383125866,24745.15634218289,77909.47201102304,0.385,0.298,0.318,1.291,1.211,1.066,1
2025-10-20 15:25:08,36873.0021978022,23817.739920499716,27086.238295124313,87776.98041342624,0.42,0.271,0.309,1.548,1.361,1.137,1
2025-10-20 15:25:09,47689.64184195566,31103.47793845013,32226.692278140607,111019.81205854639,0.43,0.28,0.29,1.533,1.48,1.036,1
2025-10-20 15:25:10,56375.05376344086,34721.05960264901,28426.323280243985,119522.43664633387,0.472,0.29,0.238,1.624,1.983,0.819,1
2025-10-20 15:25:11,55924.05333333334,36727.7057793345,38639.37356057116,131291.13267323902,0.426,0.28,0.294,1.523,1.447,1.052,1
2025-10-20 15:25:11,56488.94276094276,36519.84327383544,35439.83100971694,128448.61704449513,0.44,0.284,0.276,1.547,1.594,0.97,1
2025-10-20 15:25:12,37650.84380610413,23166.550676608673,25661.08289996941,86478.4773826822,0.435,0.268,0.297,1.625,1.467,1.108,1
2025-10-20 15:25:13,29589.446208112873,21492.718421726877,19454.100185528758,70536.26481536851,0.419,0.305,0.276,1.377,1.521,0.905,1
2025-10-20 15:25:14,26809.229785874082,18440.553967905034,21443.271983640083,66693.0557374192,0.402,0.276,0.322,1.454,1.25,1.163,1
2025-10-20 15:25:15,15969.1757091186,10379.3714427122,11866.753430471072,38215.30058230187,0.418,0.272,0.311,1.539,1.346,1.143,1
2025-10-20 15:25:16,17675.11167298778,9757.599162498545,8905.104033970276,36337.8148694566,0.486,0.269,0.245,1.811,1.985,0.913,1
2025-10-20 15:25:17,21988.4875491481,8043.540128487871,8910.779689823667,38942.80736745964,0.565,0.207,0.229,2.734,2.468,1.108,1
2025-10-20 15:25:18,6255.953464091282,9802.065903248422,4631.008060064039,20689.027427403744,0.302,0.474,0.224,0.638,1.351,0.472,1
2025-10-20 15:25:19,52593.15360501567,36314.320346320346,38304.14611872146,127211.62007005748,0.413,0.285,0.301,1.448,1.373,1.055,1
2025-10-20 15:25:20,50625.274592637295,30537.342555515108,32755.204998047637,113917.82214620005,0.444,0.268,0.288,1.658,1.546,1.073,1
2025-10-20 15:25:21,51212.50305250305,35187.11409395973,31847.410782080486,118247.02792854328,0.433,0.298,0.269,1.455,1.608,0.905,1
2025-10-20 15:25:22,33811.398629584844,22186.21528696112,20450.04388103364,76447.6577975796,0.442,0.29,0.268,1.524,1.653,0.922,1
2025-10-20 15:25:23,35290.73622212873,25420.024242424242,25987.013630731104,86697.77409528408,0.407,0.293,0.3,1.388,1.358,1.022,1
2025-10-20 15:25:24,32691.379579111457,20490.00488519785,22665.787624966226,75847.17208927553,0.431,0.27,0.299,1.595,1.442,1.106,1
2025-10-20 15:25:25,32819.28012519562,18774.861235452103,13271.014080050625,64865.15544069835,0.506,0.289,0.205,1.748,2.473,0.707,1
2025-10-20 15:25:26,10487.070883860482,6098.144809537656,6345.871851123383,22931.08754452152,0.457,0.266,0.277,1.72,1.653,1.041,1
2025-10-20 15:25:27,10103.104901842707,6035.8382501079295,6201.839420375573,22340.78257232621,0.452,0.27,0.278,1.674,1.629,1.028,1
2025-10-20 15:25:28,11584.87501726281,17356.937719842746,26370.97767997485,55312.79041708041,0.209,0.314,0.477,0.667,0.439,1.519,1
2025-10-20 15:25:29,50171.1004784689,26108.33488951136,33621.6753507014,109901.11071868165,0.457,0.238,0.306,1.922,1.492,1.288,1
2025-10-20 15:25:30,39869.80988593156,26288.335944844875,28036.791443850267,94194.93727462669,0.423,0.279,0.298,1.517,1.422,1.067,1
2025-10-20 15:25:31,38710.69681587448,23858.384527872582,27156.387180317255,89725.46852406432,0.431,0.266,0.303,1.623,1.425,1.138,1
2025-10-20 15:25:32,50201.1250748055,35741.83212611845,38199.48998178507,124142.44718270902,0.404,0.288,0.308,1.405,1.314,1.069,1
2025-10-20 15:25:33,55188.21052631579,36503.951261966926,37068.52850198851,128760.69029027122,0.429,0.284,0.288,1.512,1.489,1.015,1
2025-10-20 15:25:33,51275.11002444988,34365.45678000819,33541.015593762495,119181.58239822056,0.43,0.288,0.281,1.492,1.529,0.976,1
2025-10-20 15:25:34,28600.777361063756,12312.64934683693,15574.838470107687,56488.26517800837,0.506,0.218,0.276,2.323,1.836,1.265,1
2025-10-20 15:25:35,33013.01849665486,19622.47485380117,21575.637860082305,74211.13121053834,0.445,0.264,0.291,1.682,1.53,1.1,1
2025-10-20 15:25:36,29320.545263893742,5541.424230413529,9529.260479382028,44391.2299736893,0.661,0.125,0.215,5.291,3.077,1.72,1
2025-10-20 15:25:37,32691.379579111457,18745.492737430166,25582.824031716988,77019.69634825861,0.424,0.243,0.332,1.744,1.278,1.365,1
2025-10-20 15:25:38,15406.075298438935,23946.925492435057,24499.439252336448,63852.440043210445,0.241,0.375,0.384,0.643,0.629,1.023,1
2025-10-20 15:25:39,30682.54572055596,21199.41369724539,22751.85245457011,74633.81187237146,0.411,0.284,0.305,1.447,1.349,1.073,1
2025-10-20 15:25:40,25108.075426519008,23379.620958751395,24463.71536891222,72951.41175418263,0.344,0.32,0.335,1.074,1.026,1.046,1
2025-10-20 15:25:41,39699.990534784665,34309.235173824134,36345.78856152513,110355.01427013394,0.36,0.311,0.329,1.157,1.092,1.059,1
2025-10-20 15:25:42,55480.21164021164,24119.056929269696,36986.80776014109,116586.07632962242,0.476,0.207,0.317,2.3,1.5,1.534,1
2025-10-20 15:25:43,37854.729241877256,25747.722529158993,27999.35914552737,91601.81091656361,0.413,0.281,0.306,1.47,1.352,1.087,1
2025-10-20 15:25:44,49315.74368018813,31080.42978881067,30305.664739884392,110701.83820888319,0.445,0.281,0.274,1.587,1.627,0.975,1
2025-10-20 15:25:45,45124.30338891877,24132.934407364788,25085.55023923445,94342.78803551801,0.478,0.256,0.266,1.87,1.799,1.039,1
2025-10-20 15:25:46,39624.97874350496,24745.15634218289,27594.105263157893,91964.24034884575,0.431,0.269,0.3,1.601,1.436,1.115,1
2025-10-20 15:25:47,39869.80988593156,19934.90494296578,28797.14383796773,88601.85866686507,0.45,0.225,0.325,2.0,1.385,1.445,1
2025-10-20 15:25:48,42323.955600403635,36173.38507977576,37871.81941309255,116369.16009327193,0.364,0.311,0.325,1.17,1.118,1.047,1
2025-10-20 15:25:49,47716.769055745164,31300.776119402984,33893.36565656566,112910.9108317138,0.423,0.277,0.3,1.524,1.408,1.083,1
2025-10-20 15:25:50,34365.45678000819,20010.992366412214,14148.436498566369,68524.88564498677,0.502,0.292,0.206,1.717,2.429,0.707,1
2025-10-20 15:25:51,11184.810666666666,7764.35394298408,7938.495315605186,26887.65992525593,0.416,0.289,0.295,1.441,1.409,1.022,1
2025-10-20 15:25:52,10839.39527070681,7087.966201943388,7332.699300699301,25260.060773349498,0.429,0.281,0.29,1.529,1.478,1.035,1
2025-10-20 15:25:53,14727.191011235955,10818.426618519474,9520.60833049597,35066.225960251395,0.42,0.309,0.272,1.361,1.547,0.88,1
2025-10-20 15:25:54,29147.35232800556,13824.337508239947,12725.436893203883,55697.126729449395,0.523,0.248,0.228,2.108,2.29,0.921,1
2025-10-20 15:25:55,21114.03976843695,14072.484482469385,12554.037713259504,47740.561964165834,0.442,0.295,0.263,1.5,1.682,0.892,1
2025-10-20 15:25:55,18040.017204301075,11320.658569500674,12965.391035548686,42326.066809350436,0.426,0.267,0.306,1.594,1.391,1.145,1
2025-10-20 15:25:56,15987.436630455499,11294.746196310758,11037.642105263158,38319.82493202941,0.417,0.295,0.288,1.415,1.448,0.977,1
2025-10-20 15:25:57,29757.38914508691,32091.078806426933,38112.71240345298,99961.18035496681,0.298,0.321,0.381,0.927,0.781,1.188,1
2025-10-20 15:25:58,59325.3748231966,40368.66217516843,40329.846153846156,140023.8831522112,0.424,0.288,0.288,1.47,1.471,0.999,1
2025-10-20 15:25:59,57416.8925393566,40583.49298500242,40041.08830548926,138041.47382984828,0.416,0.294,0.29,1.415,1.434,0.987,1
2025-10-20 15:26:00,37482.60947274352,23282.286983069665,24015.482393358147,84780.37884917133,0.442,0.275,0.283,1.61,1.561,1.031,1
2025-10-20 15:26:01,45075.80870499731,29248.981868898187,30954.273062730626,105279.06363662613,0.428,0.278,0.294,1.541,1.456,1.058,1
2025-10-20 15:26:02,33474.09417398244,24759.763872491145,28718.27456350565,86952.13260997923,0.385,0.285,0.33,1.352,1.166,1.16,1
2025-10-20 15:26:03,43690.666666666664,28311.198110023626,28244.47138047138,100246.33615716167,0.436,0.282,0.282,1.543,1.547,0.998,1
2025-10-20 15:26:04,45051.60042964554,27603.185258308655,28797.14383796773,101451.92952592192,0.444,0.272,0.284,1.632,1.564,1.043,1
2025-10-20 15:26:05,43062.66940451745,25842.90819470117,28292.101180438447,97197.67877965707,0.443,0.266,0.291,1.666,1.522,1.095,1
2025-10-20 15:26:06,42027.09418837675,26495.919140871763,27503.632786885246,96026.64611613375,0.438,0.276,0.286,1.586,1.528,1.038,1
2025-10-20 15:26:07,41692.88270377734,27315.55845001628,27566.901084456127,96575.34223824975,0.432,0.283,0.285,1.526,1.512,1.009,1
2025-10-20 15:26:08,40900.08776206728,25198.582156803845,26512.667509481667,92611.3374283528,0.442,0.272,0.286,1.623,1.543,1.052,1
2025-10-20 15:26:09,39144.22771815212,25297.370325693606,27585.031239723776,92026.6292835695,0.425,0.275,0.3,1.547,1.419,1.09,1
2025-10-20 15:26:10,42302.61220373172,28253.984506567867,28956.189161201244,99512.78587150082,0.425,0.284,0.291,1.497,1.461,1.025,1
2025-10-20 15:26:11,44290.432946145724,29056.487703498442,30817.810433504776,104164.73108314894,0.425,0.279,0.296,1.524,1.437,1.061,1
2025-10-20 15:26:12,43195.7157569516,30120.675044883305,30954.273062730626,104270.66386456553,0.414,0.289,0.297,1.434,1.395,1.028,1
2025-10-20 15:26:13,45051.60042964554,17165.148352772663,15468.574589710492,77685.3233721287,0.58,0.221,0.199,2.625,2.912,0.901,1
2025-10-20 15:26:14,12390.85376661743,8115.9133126934985,8991.005359056806,29497.772438367734,0.42,0.275,0.305,1.527,1.378,1.108,1
2025-10-20 15:26:15,12341.633073414741,8035.834850081425,8933.554845580406,29311.02276907657,0.421,0.274,0.305,1.536,1.381,1.112,1
2025-10-20 15:26:16,11368.217915706735,7939.998106956933,8874.016714270601,28182.23273693427,0.403,0.282,0.315,1.432,1.281,1.118,1
2025-10-20 15:26:16,11947.88206808147,7888.4784652999815,9156.86933740858,28993.229870790034,0.412,0.272,0.316,1.515,1.305,1.161,1
2025-10-20 15:26:17,11949.584045584046,9176.90405863691,10166.777360319962,31293.26546454092,0.382,0.293,0.325,1.302,1.175,1.108,1
2025-10-20 15:26:18,48044.71935853379,22592.534338809586,31993.165522501906,102630.41921984528,0.468,0.22,0.312,2.127,1.502,1.416,1
2025-10-20 15:26:19,49666.12196566015,29066.555786555786,31932.272554244384,110664.95030646032,0.449,0.263,0.289,1.709,1.555,1.099,1
2025-10-20 15:26:20,48941.703617269544,30840.470588235294,29167.621696801114,108949.79590230595,0.449,0.283,0.268,1.587,1.678,0.946,1
2025-10-20 15:26:21,32665.919003115265,25168.340834083407,22034.69398476491,79868.95382196357,0.409,0.315,0.276,1.298,1.482,0.875,1
2025-10-20 15:26:22,24251.540907776813,14295.514655760055,17133.59477124183,55680.65033477869,0.436,0.257,0.308,1.696,1.415,1.199,1
2025-10-20 15:26:23,25373.889897156685,15650.388059701492,13137.992169146437,54162.270126004616,0.468,0.289,0.243,1.621,1.931,0.839,1
2025-10-20 15:26:24,22969.901423877327,15511.479289940828,11300.832547487538,49782.2132613057,0.461,0.312,0.227,1.481,2.033,0.729,1
2025-10-20 15:26:25,37718.561151079135,26329.5919648462,29006.25172890733,93054.40484483266,0.405,0.283,0.312,1.433,1.3,1.102,1
2025-10-20 15:26:26,44080.9668943773,26715.31210191083,26454.14064963734,97250.41964592547,0.453,0.275,0.272,1.65,1.666,0.99,1
2025-10-20 15:26:27,28797.14383796773,18263.897234922708,21873.814863102998,68934.85593599343,0.418,0.265,0.317,1.577,1.317,1.198,1
2025-10-20 15:26:28,32678.644331904947,22399.487316421895,26826.376718899905,81904.50836722675,0.399,0.273,0.328,1.459,1.218,1.198,1
2025-10-20 15:26:29,48017.218088151116,34003.27523307661,33662.15088282504,115682.64420405276,0.415,0.294,0.291,1.412,1.426,0.99,1
2025-10-20 15:26:30,38782.28386500231,28187.52688172043,29330.797202797203,96300.60794951994,0.403,0.293,0.305,1.376,1.322,1.041,1
2025-10-20 15:26:31,44267.06068601583,24202.56203115984,23198.58407079646,91668.20678797213,0.483,0.264,0.253,1.829,1.908,0.959,1
2025-10-20 15:26:32,25443.154382772216,17663.94609391451,18987.342688999546,62094.44316568627,0.41,0.284,0.306,1.44,1.34,1.075,1
2025-10-20 15:26:33,27377.963446475194,17634.240067269286,19364.284395198523,64376.487908943,0.425,0.274,0.301,1.553,1.414,1.098,1
2025-10-20 15:27:27,36188.990509059535,23444.96366685299,25692.52067381317,85326.4748497257,0.424,0.275,0.301,1.544,1.409,1.096,1
2025-10-20 15:27:28,34506.82023858494,22459.459170013386,23477.772180240696,80444.05158883904,0.429,0.279,0.292,1.536,1.47,1.045,1
2025-10-20 15:27:30,30088.263988522238,9513.050578362441,17439.933471933473,57041.24803881815,0.527,0.167,0.306,3.163,1.725,1.833,1
2025-10-20 15:27:33,43129.089974293056,26395.871617369416,28630.0614334471,98155.02302510958,0.439,0.269,0.292,1.634,1.506,1.085,1
2025-10-20 15:27:35,42777.195308516064,27776.847682119205,28846.65749656121,99400.70048719647,0.43,0.279,0.29,1.54,1.483,1.039,1
2025-10-20 15:27:36,47880.182648401824,28600.777361063756,32413.477588871716,108894.43759833729,0.44,0.263,0.298,1.674,1.477,1.133,1
2025-10-20 15:27:37,46551.65371809101,30526.22998544396,31418.007490636704,108495.89119417168,0.429,0.281,0.29,1.525,1.482,1.029,1
2025-10-20 15:27:38,51025.596107055964,32564.47204968944,28046.165162153127,111636.23331889854,0.457,0.292,0.251,1.567,1.819,0.861,1
2025-10-20 15:27:39,42538.58012170385,30537.342555515108,31465.146286571642,104541.0689637906,0.407,0.292,0.301,1.393,1.352,1.03,1
2025-10-20 15:27:40,25213.730087165615,10087.311207311208,9446.63063063063,44747.671925107454,0.563,0.225,0.211,2.5,2.669,0.936,1
2025-10-20 15:27:41,10543.750628456512,6548.4839968774395,6367.064895635674,23459.299520969624,0.449,0.279,0.271,1.61,1.656,0.972,1
2025-10-20 15:27:42,9399.000560224089,6164.014990080094,6201.839420375573,21764.854970679757,0.432,0.283,0.285,1.525,1.516,1.006,1
2025-10-20 15:27:43,10576.986508636994,11059.470006591957,12557.79640718563,34194.252922414584,0.309,0.323,0.367,0.956,0.842,1.135,1
2025-10-20 15:27:44,33261.72878667724,21470.714102892245,21503.737503204306,76236.1803927738,0.436,0.282,0.282,1.549,1.547,1.002,1
2025-10-20 15:27:45,27377.963446475194,20039.675107501196,24202.56203115984,71620.20058513622,0.382,0.28,0.338,1.366,1.131,1.208,1
2025-10-20 15:27:46,33156.55335968379,20820.570861255896,24564.005856515374,78541.13007745506,0.422,0.265,0.313,1.592,1.35,1.18,1
2025-10-20 15:27:47,42452.46963562753,27182.786779001945,28542.38856753998,98177.64498216946,0.432,0.277,0.291,1.562,1.487,1.05,1
2025-10-20 15:27:48,39420.15037593985,26613.604060913705,27621.363187355943,93655.1176242095,0.421,0.284,0.295,1.481,1.427,1.038,1
2025-10-20 15:27:49,39071.2994876572,26740.860694931464,27262.294442638933,93074.45462522759,0.42,0.287,0.293,1.461,1.433,1.019,1
2025-10-20 15:27:50,42690.11704834606,26860.736471341657,29177.76695652174,98728.62047620946,0.432,0.272,0.296,1.589,1.463,1.086,1
2025-10-20 15:27:51,36251.547104580815,22537.904352498655,28503.594971117906,87293.04642819738,0.415,0.258,0.327,1.608,1.272,1.265,1
2025-10-20 15:27:52,42886.543967280166,25305.001508295627,27603.185258308655,95794.73073388445,0.448,0.264,0.288,1.695,1.554,1.091,1
2025-10-20 15:27:53,41040.15655577299,28055.54515050167,6839.468406033428,75935.17011230809,0.54,0.369,0.09,1.463,6.0,0.244,1
2025-10-20 15:27:54,41796.751370204285,25543.873325213153,19319.68678028558,86660.31147570303,0.482,0.295,0.223,1.636,2.163,0.756,1
2025-10-20 15:27:54,38497.51262046811,28273.029996629593,27639.56507413509,94410.10769123278,0.408,0.299,0.293,1.362,1.393,0.978,1
2025-10-20 15:27:55,39813.04224015187,27850.62416998672,32768.0,100431.6664101386,0.396,0.277,0.326,1.43,1.215,1.177,1
2025-10-20 15:27:56,41507.2142503711,26715.31210191083,29137.22820423758,97359.7545565195,0.426,0.274,0.299,1.554,1.425,1.091,1
2025-10-20 15:27:57,42646.71072699542,28493.91304347826,29895.253029223095,101035.87679969678,0.422,0.282,0.296,1.497,1.427,1.049,1
2025-10-20 15:27:58,43873.47280334728,27271.15734720416,28111.95710455764,99256.58725510909,0.442,0.275,0.283,1.609,1.561,1.031,1
2025-10-20 15:27:59,39718.78787878788,28093.127930341594,21936.73640167364,89748.65221080312,0.443,0.313,0.244,1.414,1.811,0.781,1
2025-10-20 15:28:00,44882.86784376672,14550.924544666088,30604.188252462605,90037.9806408954,0.498,0.162,0.34,3.085,1.467,2.103,1
2025-10-20 15:28:01,45764.36442989635,28359.053414469236,29959.314285714285,104082.73213007986,0.44,0.272,0.288,1.614,1.528,1.056,1
2025-10-20 15:28:02,46629.28293496387,10757.383944601179,27485.609436435123,84872.27631600018,0.549,0.127,0.324,4.335,1.696,2.555,1
2025-10-20 15:28:03,46474.282548476454,29433.712280701755,29970.017863522688,105878.0126927009,0.439,0.278,0.283,1.579,1.551,1.018,1
2025-10-20 15:28:04,44478.3032873807,28378.240866035183,29895.253029223095,102751.79718263898,0.433,0.276,0.291,1.567,1.488,1.053,1
2025-10-20 15:28:05,10110.410991924791,26108.33488951136,23109.112947658403,59327.858829094555,0.17,0.44,0.39,0.387,0.438,0.885,1
2025-10-20 15:28:06,44478.3032873807,22174.485857784828,27585.031239723776,94237.8203848893,0.472,0.235,0.293,2.006,1.612,1.244,1
2025-10-20 15:28:07,46551.65371809101,28008.707846410685,30682.54572055596,105242.90728505766,0.442,0.266,0.292,1.662,1.517,1.095,1
2025-10-20 15:28:08,43827.62800417973,27485.609436435123,26698.30681094844,98011.54425156329,0.447,0.28,0.272,1.595,1.642,0.971,1
2025-10-20 15:28:09,43018.502564102564,27386.90173032974,29402.762004907116,99808.16629933941,0.431,0.274,0.295,1.571,1.463,1.074,1
2025-10-20 15:28:10,41548.33085685983,23477.772180240696,27575.96318211703,92602.06621921755,0.449,0.254,0.298,1.77,1.507,1.175,1
2025-10-20 15:28:11,36986.80776014109,22995.087719298244,24449.454969396676,84431.35044883602,0.438,0.272,0.29,1.608,1.513,1.063,1
2025-10-20 15:28:12,48686.05919907139,31022.958579881655,31161.248142644872,110870.26592159792,0.439,0.28,0.281,1.569,1.562,1.004,1
2025-10-20 15:28:13,41880.21967049426,15540.214894405335,22040.48344718865,79460.91801208825,0.527,0.196,0.277,2.695,1.9,1.418,1
2025-10-20 15:28:14,18303.748636264456,25481.79829890644,26740.860694931464,70526.40763010236,0.26,0.361,0.379,0.718,0.684,1.049,1
2025-10-20 15:28:15,37769.50923007654,27342.26857887875,28206.482851378616,93318.26066033391,0.405,0.293,0.302,1.381,1.339,1.032,1
2025-10-20 15:28:15,38586.05335786568,22239.15164369035,26495.919140871763,87321.1241424278,0.442,0.255,0.303,1.735,1.456,1.191,1
2025-10-20 15:28:16,33156.55335968379,21087.501256913023,21366.805909322466,75610.86052591927,0.439,0.279,0.283,1.572,1.552,1.013,1
2025-10-20 15:28:17,48517.10815500289,30920.04423147807,28630.0614334471,108067.21381992806,0.449,0.286,0.265,1.569,1.695,0.926,1
2025-10-20 15:28:18,17749.911129919594,24818.366863905325,31045.921539600295,73614.19953342521,0.241,0.337,0.422,0.715,0.572,1.251,1
2025-10-20 15:28:19,50840.048484848485,32201.95009596929,33169.66389877422,116211.66247959199,0.437,0.277,0.285,1.579,1.533,1.03,1
2025-10-20 15:28:20,39199.102803738315,22507.668365978,13763.097621000821,75469.86879071714,0.519,0.298,0.182,1.742,2.848,0.611,1
2025-10-20 15:28:21,8962.188034188035,6893.990795529257,8361.850079744816,24218.02890946211,0.37,0.285,0.345,1.3,1.072,1.213,1
2025-10-20 15:28:22,11684.925477085944,8034.295565558855,10459.610972568578,30178.83201521338,0.387,0.266,0.347,1.454,1.117,1.302,1
2025-10-20 15:28:23,9864.308560677327,7057.553424196533,4815.7804696021585,21737.64245447602,0.454,0.325,0.222,1.398,2.048,0.682,1
2025-10-20 15:28:24,9837.70141902193,6748.1361113345665,7026.223301784069,23612.060832140567,0.417,0.286,0.298,1.458,1.4,1.041,1
2025-10-20 15:28:25,44173.8177988415,32678.644331904947,31254.128166915052,108106.59029766149,0.409,0.302,0.289,1.352,1.413,0.956,1
2025-10-20 15:28:32,43713.43408025013,28311.198110023626,29810.262970859985,101834.89516113374,0.429,0.278,0.293,1.544,1.466,1.053,1
2025-10-20 15:28:33,45540.76004343105,29852.697508896796,28866.51066758431,104259.96821991216,0.437,0.286,0.277,1.526,1.578,0.967,1
2025-10-20 15:28:34,42409.54499494439,28757.655125128556,31138.1143281366,102305.31444820954,0.415,0.281,0.304,1.475,1.362,1.083,1
2025-10-20 15:28:35,47393.265536723164,29300.062871114216,32338.50424055513,109031.8326483925,0.435,0.269,0.297,1.618,1.466,1.104,1
2025-10-20 15:28:36,43396.83393688567,25739.822031297943,29402.762004907116,98539.41797309072,0.44,0.261,0.298,1.686,1.476,1.142,1
2025-10-20 15:28:37,41445.691699604744,14944.96347764119,32870.72100313479,89261.37618038073,0.464,0.167,0.368,2.773,1.261,2.199,1
2025-10-20 15:28:38,40310.46612205671,27271.15734720416,28093.127930341594,95674.75139960246,0.421,0.285,0.294,1.478,1.435,1.03,1
2025-10-20 15:28:39,38321.64458656921,24600.023460410557,25676.792164064893,88598.46021104466,0.433,0.278,0.29,1.558,1.492,1.044,1
2025-10-20 15:28:40,39235.77174929841,28600.777361063756,26895.1843539596,94731.73346432176,0.414,0.302,0.284,1.372,1.459,0.94,1
2025-10-20 15:28:41,45714.48501362398,25404.627498485766,27173.98121153223,98293.09372364197,0.465,0.258,0.276,1.799,1.682,1.07,1
2025-10-20 15:28:42,46759.24191750279,27121.26737795021,30426.57961552412,104307.08891097712,0.448,0.26,0.292,1.724,1.537,1.122,1
2025-10-20 15:28:43,41140.79450711133,24928.998514115898,26809.229785874082,92879.02280710131,0.443,0.268,0.289,1.65,1.535,1.075,1
2025-10-20 15:28:44,48770.976744186046,28610.532060027286,19756.49552520019,97138.00432941352,0.502,0.295,0.203,1.705,2.469,0.691,1
2025-10-20 15:28:45,14134.133108677337,10599.706848622694,22888.42564802183,47622.26560532186,0.297,0.223,0.481,1.333,0.618,2.159,1
2025-10-20 15:28:46,46995.00280112045,28102.539363484088,30537.342555515108,105634.88472011963,0.445,0.266,0.289,1.672,1.539,1.087,1
2025-10-20 15:28:46,46942.40626748741,30163.998561668464,32301.147477859067,109407.55230701494,0.429,0.276,0.295,1.556,1.453,1.071,1
2025-10-20 15:28:47,46916.152125279645,28464.906684764166,31595.51035781544,106976.56916785926,0.439,0.266,0.295,1.648,1.485,1.11,1
2025-10-20 15:28:48,47339.77426636569,30012.908765652952,30174.84892086331,107527.53195288195,0.44,0.279,0.281,1.577,1.569,1.005,1
2025-10-20 15:28:52,55043.35958005249,34606.46864686468,36220.241796200346,125870.07002311753,0.437,0.275,0.288,1.591,1.52,1.047,1
2025-10-20 15:28:53,44243.713080168774,28896.34171546676,30153.15600287563,103293.21079851117,0.428,0.28,0.292,1.531,1.467,1.043,1
2025-10-20 15:28:54,26019.255583126553,19864.096613781672,25282.121760096445,71165.47395700467,0.366,0.279,0.355,1.31,1.029,1.273,1
2025-10-20 15:28:55,50051.360381861574,29820.860291503734,34155.57003257329,114027.7907059386,0.439,0.262,0.3,1.678,1.465,1.145,1
2025-10-20 15:28:56,45789.34497816594,31835.32447817837,34521.02057613169,112145.69003247599,0.408,0.284,0.308,1.438,1.326,1.084,1
2025-10-20 15:28:57,39643.705103969754,16107.15821812596,26362.69013199246,82113.55345408816,0.483,0.196,0.321,2.461,1.504,1.637,1
2025-10-20 15:28:58,39869.80988593156,27971.35045015005,29959.314285714285,97800.47462179589,0.408,0.286,0.306,1.425,1.331,1.071,1
2025-10-20 15:28:59,45075.80870499731,28215.97040026909,27386.90173032974,100678.68083559614,0.448,0.28,0.272,1.598,1.646,0.971,1
2025-10-20 15:28:59,40291.10470701249,27467.60969220694,21833.961478396668,89592.6758776161,0.45,0.307,0.244,1.467,1.845,0.795,1
2025-10-20 15:29:00,36679.52776563183,22162.768824306473,27740.10582010582,86582.40241004412,0.424,0.256,0.32,1.655,1.322,1.252,1
2025-10-20 15:29:01,34635.04541701073,23710.028264556247,24413.876600698488,82758.95028226546,0.419,0.286,0.295,1.461,1.419,1.03,1
2025-10-20 15:29:02,34379.54098360656,20950.56943056943,14053.623722566594,69383.73413674258,0.495,0.302,0.203,1.641,2.446,0.671,1
2025-10-20 15:29:03,29238.78703380969,20825.73982125124,22477.513397642015,72542.04025270295,0.403,0.287,0.31,1.404,1.301,1.079,1
2025-10-20 15:29:04,33729.827100924806,18251.975630983463,20480.0,72461.80273190828,0.465,0.252,0.283,1.848,1.647,1.122,1
2025-10-20 15:29:05,17832.92517006803,9195.010413241258,11017.346992382454,38045.28257569174,0.469,0.242,0.29,1.939,1.619,1.198,1
2025-10-20 15:29:06,17025.79257154455,11299.310344827587,13208.326247834986,41533.42916420712,0.41,0.272,0.318,1.507,1.289,1.169,1
2025-10-20 15:29:07,25629.72196761381,14465.611312295223,14968.965024982155,55064.298304891185,0.465,0.263,0.272,1.772,1.712,1.035,1
2025-10-20 15:29:08,33169.66389877422,27395.845852384064,27934.092574092574,88499.60232525086,0.375,0.31,0.316,1.211,1.187,1.02,1
2025-10-20 15:29:09,38962.415234556436,20510.04400977995,14510.652136308598,73983.11138064499,0.527,0.277,0.196,1.9,2.685,0.707,1
2025-10-20 15:29:10,5569.385207807728,4504.918103216798,5050.640014449997,15124.943325474524,0.368,0.298,0.334,1.236,1.103,1.121,1
2025-10-20 15:29:11,9136.921903932034,9636.539919586445,16943.259947485356,35716.72177100384,0.256,0.27,0.474,0.948,0.539,1.758,1
2025-10-20 15:29:12,20203.77649325626,15136.42728256947,18749.682610639247,54089.886386464976,0.374,0.28,0.347,1.335,1.078,1.239,1
2025-10-20 15:29:13,8170.45680335054,23590.011248593924,17893.788395904437,49654.25644784891,0.165,0.475,0.36,0.346,0.457,0.759,1
2025-10-20 15:29:14,38216.89293849658,25366.217115210162,29147.35232800556,92730.4623817123,0.412,0.274,0.314,1.507,1.311,1.149,1
2025-10-20 15:29:15,45689.58605664488,26124.596698847712,29959.314285714285,101773.49704120688,0.449,0.257,0.294,1.749,1.525,1.147,1
2025-10-20 15:29:16,47852.86936679977,8576.431857683263,28111.95710455764,84541.25832904068,0.566,0.101,0.333,5.58,1.702,3.278,1
2025-10-20 15:29:17,47716.769055745164,32276.290881108118,36743.793254489705,116736.85319134299,0.409,0.276,0.315,1.478,1.299,1.138,1
2025-10-20 15:29:18,11883.564244227227,17757.425910245554,20455.030480370642,50096.02063484343,0.237,0.354,0.408,0.669,0.581,1.152,1
2025-10-20 15:29:19,44596.53375863902,28225.464333781965,25700.392156862745,98522.39024928372,0.453,0.286,0.261,1.58,1.735,0.911,1
2025-10-20 15:29:20,38532.88011024345,22894.67248908297,22944.770240700218,84372.32284002664,0.457,0.271,0.272,1.683,1.679,1.002,1
2025-10-20 15:29:21,29330.797202797203,21172.6602725896,23576.75098369871,74080.20845908552,0.396,0.286,0.318,1.385,1.244,1.114,1
2025-10-20 15:29:21,34521.02057613169,9187.96056955093,18509.726390114738,62218.70753579736,0.555,0.148,0.297,3.757,1.865,2.015,1
2025-10-20 15:29:22,44596.53375863902,12242.5685931115,33117.28385313857,89956.3862048891,0.496,0.136,0.368,3.643,1.347,2.705,1
2025-10-20 15:29:23,50625.274592637295,30305.664739884392,33288.12698412698,114219.06631664868,0.443,0.265,0.291,1.67,1.521,1.098,1
2025-10-20 15:29:24,39016.78139534884,23763.762039660058,31465.146286571642,94245.68972158054,0.414,0.252,0.334,1.642,1.24,1.324,1
2025-10-20 15:29:25,48017.218088151116,27360.104370515328,23444.96366685299,98822.28612551943,0.486,0.277,0.237,1.755,2.048,0.857,1
2025-10-20 15:29:26,46192.77533039648,28407.07077548256,26512.667509481667,101112.51361536072,0.457,0.281,0.262,1.626,1.742,0.933,1
2025-10-20 15:29:27,51306.47094801223,24146.827864133564,13154.473890544143,88607.77270268995,0.579,0.273,0.148,2.125,3.9,0.545,1
2025-10-20 15:29:28,9701.17728692032,6450.790525992003,4990.545541079184,21142.513353991504,0.459,0.305,0.236,1.504,1.944,0.774,1
2025-10-20 15:29:29,11461.41276130619,7476.477718360071,7817.172677290094,26755.063156956356,0.428,0.279,0.292,1.533,1.466,1.046,1
2025-10-20 15:29:30,16895.484390735146,12323.502277067724,14418.37057408044,43637.35724188331,0.387,0.282,0.33,1.371,1.172,1.17,1
2025-10-20 15:29:31,19915.97340930674,9270.204442479831,12118.76336318983,41304.9412149764,0.482,0.224,0.293,2.148,1.643,1.307,1
2025-10-20 15:29:32,19864.096613781672,12939.392256671294,13493.015924079138,46296.504794532106,0.429,0.279,0.291,1.535,1.472,1.043,1
2025-10-20 15:29:33,19987.152728139146,12522.179429765636,13488.676636115131,45998.008794019916,0.435,0.272,0.293,1.596,1.482,1.077,1
2025-10-20 15:29:34,19476.684467146504,13865.467768595041,12865.96319018405,46208.11542592559,0.421,0.3,0.278,1.405,1.514,0.928,1
2025-10-20 15:29:35,18291.774967291756,9201.061752769552,8342.723023371456,35835.559743432765,0.51,0.257,0.233,1.988,2.193,0.907,1
2025-10-20 15:29:36,18526.0777385159,11704.490023719827,9590.268663541785,39820.83642577751,0.465,0.294,0.241,1.583,1.932,0.819,1
2025-10-20 15:29:37,14339.500854700855,8890.946475887653,8614.302731567057,31844.750062155566,0.45,0.279,0.271,1.613,1.665,0.969,1
2025-10-20 15:29:38,12975.418406805878,7829.57625536681,9168.879658979124,29973.874321151812,0.433,0.261,0.306,1.657,1.415,1.171,1
2025-10-20 15:29:39,12875.837298541826,8937.362028553165,7747.14444033986,29560.34376743485,0.436,0.302,0.262,1.441,1.662,0.867,1
2025-10-20 15:29:40,17586.18029350105,9332.081432862387,7375.897300624286,34294.15902698773,0.513,0.272,0.215,1.884,2.384,0.79,1
2025-10-20 15:29:41,16763.804956035172,10437.486624362324,11143.209351753454,38344.50093215095,0.437,0.272,0.291,1.606,1.504,1.068,1
2025-10-20 15:29:42,15235.394115510353,9634.326404042724,9992.385944014295,34862.10646356737,0.437,0.276,0.287,1.581,1.525,1.037,1
2025-10-20 15:29:43,14364.054794520547,8598.40918409184,9061.9077454899,32024.37172410229,0.449,0.268,0.283,1.671,1.585,1.054,1
2025-10-20 15:29:44,12075.151864114006,6094.600406858472,3505.3311604195396,21675.08343139202,0.557,0.281,0.162,1.981,3.445,0.575,1
2025-10-20 15:29:45,3392.2148085244044,3719.3437971091603,3915.336289381564,11026.894895015128,0.308,0.337,0.355,0.912,0.866,1.053,1
2025-10-20 15:29:45,5297.510577833912,3990.3948244696035,4563.738643164137,13851.644045467652,0.382,0.288,0.329,1.328,1.161,1.144,1
2025-10-20 15:29:46,5941.782122113614,4020.228122304227,4622.841397553179,14584.851641971021,0.407,0.276,0.317,1.478,1.285,1.15,1
2025-10-20 15:29:47,5435.148373720358,4343.728251864126,4030.078308911842,13808.954934496327,0.394,0.315,0.292,1.251,1.349,0.928,1
2025-10-20 15:29:48,6177.633109949186,4449.953848602197,4165.354784249466,14792.94174280085,0.418,0.301,0.282,1.388,1.483,0.936,1
2025-10-20 15:29:49,5208.374518812865,3571.5962021543833,4034.3423267445773,12814.313047711827,0.406,0.279,0.315,1.458,1.291,1.13,1
2025-10-20 15:29:50,3415.9742639573237,2286.5341946738627,4187.185784166916,9889.694242798101,0.345,0.231,0.423,1.494,0.816,1.831,1
2025-10-20 15:29:51,7417.639048545407,5164.127062299926,4300.527017328001,16882.293128173333,0.439,0.306,0.255,1.436,1.725,0.833,1
2025-10-20 15:29:52,17296.098969072165,7474.479194511271,4563.490371015124,29334.06853459856,0.59,0.255,0.156,2.314,3.79,0.611,1
2025-10-20 15:29:53,6211.483154387264,3617.6505088839053,3722.149354394995,13551.283017666165,0.458,0.267,0.275,1.717,1.669,1.029,1
2025-10-20 15:29:54,5013.51183361224,3884.1542806871325,4443.353991207161,13341.020105506534,0.376,0.291,0.333,1.291,1.128,1.144,1
2025-10-20 15:29:55,4049.533188510741,4186.76781792773,4369.521825190124,12605.822831628595,0.321,0.332,0.347,0.967,0.927,1.044,1
2025-10-20 15:29:56,4790.479127405631,3434.8570960609286,3845.5157238470706,12070.85194731363,0.397,0.285,0.319,1.395,1.246,1.12,1
2025-10-20 15:29:57,8930.701586287661,9451.952676056339,11552.965156314558,29935.619418658556,0.298,0.316,0.386,0.945,0.773,1.222,1
2025-10-20 15:29:58,14508.142511241786,9927.34674556213,6426.574733777676,30862.06399058159,0.47,0.322,0.208,1.461,2.258,0.647,1
2025-10-20 15:29:59,8278.503898154544,6178.543124401562,7032.113337245369,21489.160359801474,0.385,0.288,0.327,1.34,1.177,1.138,1
2025-10-20 15:30:00,3781.718510504012,5086.779455460554,5176.874845717107,14045.372811681675,0.269,0.362,0.369,0.743,0.731,1.018,1
2025-10-20 15:30:01,8594.004712631902,6213.323457521665,6412.818591850776,21220.146762004344,0.405,0.293,0.302,1.383,1.34,1.032,1
2025-10-20 15:30:02,8886.237288135593,6076.4998189061935,6289.254760833708,21251.991867875495,0.418,0.286,0.296,1.462,1.413,1.035,1
2025-10-20 15:30:03,7867.02428959955,5508.673496191227,5458.135207235344,18833.83299302612,0.418,0.292,0.29,1.428,1.441,0.991,1
2025-10-20 15:30:04,8723.59400998336,3440.492166352227,6406.9411135721375,18571.027289907724,0.47,0.185,0.345,2.536,1.362,1.862,1
2025-10-20 15:30:05,9086.447140381282,6322.912489635939,5285.827347195967,20695.18697721319,0.439,0.306,0.255,1.437,1.719,0.836,1
2025-10-20 15:30:06,7234.053121766126,2181.80607573866,6072.540900535689,15488.400098040474,0.467,0.141,0.392,3.316,1.191,2.783,1
2025-10-20 15:30:07,7814.987888950996,5050.944123314065,5262.944977727587,18128.87698999265,0.431,0.279,0.29,1.547,1.485,1.042,1
2025-10-20 15:30:08,7874.40908664226,5186.47706195128,5460.266874959318,18521.15302355286,0.425,0.28,0.295,1.518,1.442,1.053,1
2025-10-20 15:30:09,6437.918649270913,4659.56118424707,5219.068002239781,16316.547835757765,0.395,0.286,0.32,1.382,1.234,1.12,1
2025-10-20 15:30:10,7620.46511627907,5148.280348594575,5335.9251955982445,18104.67066047189,0.421,0.284,0.295,1.48,1.428,1.036,1
2025-10-20 15:30:11,7980.030441400304,5076.006293113881,5463.823356998632,18519.86009151282,0.431,0.274,0.295,1.572,1.461,1.076,1
2025-10-20 15:30:20,4859.580581624377,3023.5755478662054,3355.3089876404943,11238.465117131076,0.432,0.269,0.299,1.607,1.448,1.11,1
2025-10-20 15:30:21,4570.203214383002,2919.198218262806,2707.0504711501226,10196.45190379593,0.448,0.286,0.265,1.566,1.688,0.927,1
2025-10-20 15:30:22,2138.3145551873567,2402.855260519607,2430.916888837371,6972.086704544336,0.307,0.345,0.349,0.89,0.88,1.012,1
2025-10-20 15:30:23,3626.251675096183,2439.1160735054664,2566.2652961331373,8631.633044734786,0.42,0.283,0.297,1.487,1.413,1.052,1
2025-10-20 15:30:24,2751.987402401417,2524.7119725516163,2715.9024832453783,7992.601858198412,0.344,0.316,0.34,1.09,1.013,1.076,1
2025-10-20 15:30:25,3937.5741644761547,1765.316610198026,2628.421745260849,8331.312519935029,0.473,0.212,0.315,2.231,1.498,1.489,1
2025-10-20 15:30:26,4366.564988808495,2981.0262970859985,3002.1501682055687,10349.741454100062,0.422,0.288,0.29,1.465,1.454,1.007,1
2025-10-20 15:30:27,4511.944922547332,3044.6457607433217,3248.125145202509,10804.715828493161,0.418,0.282,0.301,1.482,1.389,1.067,1
2025-10-20 15:30:28,5117.1890441041905,3019.3312457258035,3409.4488701024225,11545.969159932416,0.443,0.262,0.295,1.695,1.501,1.129,1
2025-10-20 15:30:29,1953.064655072059,2640.750487943084,477.76013486576073,5071.575277880904,0.385,0.521,0.094,0.74,4.088,0.181,1
2025-10-20 15:30:30,3623.588768898488,3672.6097806575895,3351.957164548869,10648.155714104947,0.34,0.345,0.315,0.987,1.081,0.913,1
2025-10-20 15:30:31,3286.685734435607,2402.3735609141418,2056.0313725490196,7745.0906678987685,0.424,0.31,0.265,1.368,1.599,0.856,1
2025-10-20 15:30:32,2366.6548173226124,2406.992051877995,2793.688347154228,7567.335216354835,0.313,0.318,0.369,0.983,0.847,1.161,1
2025-10-20 15:30:33,3477.719829194478,2239.769310869623,2109.757802872161,7827.246942936262,0.444,0.286,0.27,1.553,1.648,0.942,1
2025-10-20 15:30:34,3779.5034917774274,2800.216310044397,1795.276291572144,8374.996093393967,0.451,0.334,0.214,1.35,2.105,0.641,1
2025-10-20 15:30:35,3895.156017830609,2693.0585251532952,2257.976366719604,8846.190909703508,0.44,0.304,0.255,1.446,1.725,0.838,1
2025-10-20 15:30:36,3792.6611809386022,1130.205060494193,1364.644791853069,6287.511033285864,0.603,0.18,0.217,3.356,2.779,1.207,1
2025-10-20 15:30:37,4015.417165286487,3002.472529439135,3103.788063788064,10121.677758513686,0.397,0.297,0.307,1.337,1.294,1.034,1
2025-10-20 15:30:37,4846.385117568895,3240.346106304079,2569.803020555709,10656.534244428683,0.455,0.304,0.241,1.496,1.886,0.793,1
2025-10-20 15:30:38,3413.6111337185644,2661.3604060913704,3557.2080400305317,9632.179579840466,0.354,0.276,0.369,1.283,0.96,1.337,1
2025-10-20 15:30:39,2050.80383336593,2893.920723082761,2733.781326380968,7678.505882829659,0.267,0.377,0.356,0.709,0.75,0.945,1
2025-10-20 15:30:40,3252.7852960564583,2225.862499004962,2820.2689618074232,8298.916756868844,0.392,0.268,0.34,1.461,1.153,1.267,1
2025-10-20 15:30:41,3853.6420433664093,3246.7422688392617,3692.331528676438,10792.715840882109,0.357,0.301,0.342,1.187,1.044,1.137,1
2025-10-20 15:30:42,3530.4103362653086,2078.5489865701966,2505.7076288906146,8114.66695172612,0.435,0.256,0.309,1.698,1.409,1.206,1
2025-10-20 15:30:43,3771.177845711203,3469.5210521962113,3822.037543284126,11062.73644119154,0.341,0.314,0.345,1.087,0.987,1.102,1
2025-10-20 15:30:44,2954.775625220148,3146.5146286571644,3243.8546017014696,9345.144855578783,0.316,0.337,0.347,0.939,0.911,1.031,1
2025-10-20 15:30:45,4775.479904360697,3440.492166352227,3976.208939659667,12192.181010372591,0.392,0.282,0.326,1.388,1.201,1.156,1
2025-10-20 15:30:46,5445.380071405388,3423.642151661089,3774.9113491134913,12643.933572179969,0.431,0.271,0.299,1.591,1.443,1.103,1
2025-10-20 15:30:47,5151.441906165562,3606.6073347951333,4014.840624102613,12772.88986506331,0.403,0.282,0.314,1.428,1.283,1.113,1
2025-10-20 15:30:48,7681.172053841224,5204.819755537631,4625.135358659095,17511.12716803795,0.439,0.297,0.264,1.476,1.661,0.889,1
2025-10-20 15:30:49,6096.372093023256,4539.04442400303,5856.739509879215,16492.1560269055,0.37,0.275,0.355,1.343,1.041,1.29,1
2025-10-20 15:30:50,5627.672078357708,4094.8003514595334,5011.714661249851,14734.187091067093,0.382,0.278,0.34,1.374,1.123,1.224,1
2025-10-20 15:30:51,5212.257984341991,3911.6847750058287,4170.32463335819,13294.26739270601,0.392,0.294,0.314,1.332,1.25,1.066,1
2025-10-20 15:30:52,8149.026617447056,5313.280972890803,6759.555197421434,20221.862787759295,0.403,0.263,0.334,1.534,1.206,1.272,1
2025-10-20 15:30:53,7436.709219858156,4793.7642150980055,4352.2922071183975,16582.76564207456,0.448,0.289,0.262,1.551,1.709,0.908,1
2025-10-20 15:30:54,7300.154903837786,4106.828551845687,5560.156426062173,16967.139881745643,0.43,0.242,0.328,1.778,1.313,1.354,1
2025-10-20 15:30:55,4530.7091547394,3208.8623670721445,3517.8260504906484,11257.397572302194,0.402,0.285,0.312,1.412,1.288,1.096,1
2025-10-20 15:30:56,7730.723435628052,2962.8114293787307,3207.88068833652,13901.415553343302,0.556,0.213,0.231,2.609,2.41,1.083,1
2025-10-20 15:30:57,4406.938796952982,2765.2320675105484,2402.7864344637946,9574.957298927326,0.46,0.289,0.251,1.594,1.834,0.869,1
2025-10-20 15:30:58,7305.2407907341285,5193.8629187047245,2857.447286848111,15356.550996286964,0.476,0.338,0.186,1.407,2.557,0.55,1
2025-10-20 15:30:59,6578.7844090659555,5570.124833997344,5760.219734944723,17909.128978008022,0.367,0.311,0.322,1.181,1.142,1.034,1
2025-10-20 15:31:00,9320.675555555556,6037.141417776178,5982.035227839977,21339.85220117171,0.437,0.283,0.28,1.544,1.558,0.991,1
2025-10-20 15:31:01,14366.514814180511,7424.861037351744,5396.338372467031,27187.714223999286,0.528,0.273,0.198,1.935,2.662,0.727,1
2025-10-20 15:31:02,13867.75996032402,9127.973884657236,9622.170222528102,32617.904067509357,0.425,0.28,0.295,1.519,1.441,1.054,1
2025-10-20 15:31:03,5294.167245187757,6295.390619136961,7323.0973374072455,18912.655201731963,0.28,0.333,0.387,0.841,0.723,1.163,1
2025-10-20 15:31:04,16275.917733798991,11492.818194273188,15869.48164964056,43638.21757771274,0.373,0.263,0.364,1.416,1.026,1.381,1
2025-10-20 15:31:05,48265.868814729576,23014.013717421123,31944.432597105864,103224.31512925657,0.468,0.223,0.309,2.097,1.511,1.388,1
2025-10-20 15:31:06,46422.84449363586,29320.545263893742,29351.322603219036,105094.71236074864,0.442,0.279,0.279,1.583,1.582,1.001,1
2025-10-20 15:31:06,25003.30253353204,7878.106686701728,8196.00195407914,41077.41117431291,0.609,0.192,0.2,3.174,3.051,1.04,1
2025-10-20 15:31:07,36033.53951890035,19377.70385770386,22052.071503680338,77463.31488028454,0.465,0.25,0.285,1.86,1.634,1.138,1
2025-10-20 15:31:08,27603.185258308655,26605.163336504917,30218.328530259365,84426.67712507294,0.327,0.315,0.358,1.038,0.913,1.136,1
2025-10-20 15:31:09,24015.482393358147,21839.645925540222,19901.798339264533,65756.9266581629,0.365,0.332,0.303,1.1,1.207,0.911,1
2025-10-20 15:31:10,26387.56841774143,12544.650815014207,14786.899347787767,53719.11858054341,0.491,0.234,0.275,2.103,1.785,1.179,1
2025-10-20 15:31:22,26067.768800497204,16943.259947485356,17436.308459779673,60447.33720776223,0.431,0.28,0.288,1.539,1.495,1.029,0
2025-10-20 15:31:23,25312.637296318648,17783.7778248887,21659.19958688355,64755.6147080909,0.391,0.275,0.334,1.423,1.169,1.218,0
2025-10-20 15:31:24,28856.58066735466,19691.56807511737,20585.54110429448,69133.68984676652,0.417,0.285,0.298,1.465,1.402,1.045,0
2025-10-20 15:31:25,34577.93899422918,20054.04733444896,21698.416968442834,76330.40329712097,0.453,0.263,0.284,1.724,1.594,1.082,0
2025-10-20 15:31:26,36535.74912891986,21971.210057621793,24223.528732313025,82730.48791885468,0.442,0.266,0.293,1.663,1.508,1.103,0
2025-10-20 15:31:26,29341.056313396293,18404.142167617378,17832.92517006803,65578.1236510817,0.447,0.281,0.272,1.594,1.645,0.969,0
2025-10-20 15:31:27,34620.75113495666,22838.57337326436,24818.366863905325,82277.69137212634,0.421,0.278,0.302,1.516,1.395,1.087,0
2025-10-20 15:31:28,38095.404178019984,19682.327545753167,25582.824031716988,83360.55575549013,0.457,0.236,0.307,1.936,1.489,1.3,0
2025-10-20 15:31:29,9145.887483645878,23230.706175574633,28630.0614334471,61006.655092667614,0.15,0.381,0.469,0.394,0.319,1.232,0
2025-10-20 15:31:30,47743.92714854866,33689.18875502008,35098.77824267782,116531.89414624657,0.41,0.289,0.301,1.417,1.36,1.042,0
2025-10-20 15:31:31,56565.124747134185,37183.54609929078,37583.36917562724,131332.0400220522,0.431,0.283,0.286,1.521,1.505,1.011,0
2025-10-20 15:31:32,55553.69536423841,36267.220060527456,40701.63998059194,132522.55540535782,0.419,0.274,0.307,1.532,1.365,1.122,0
2025-10-20 15:31:33,57299.234972677594,38550.58823529412,40427.0265060241,136276.84971399582,0.42,0.283,0.297,1.486,1.417,1.049,0
2025-10-20 15:31:34,57416.8925393566,38586.05335786568,29905.910873440283,125908.85677066258,0.456,0.306,0.238,1.488,1.92,0.775,0
2025-10-20 15:31:35,57812.59820813232,39053.109869646185,40291.10470701249,137156.812784791,0.422,0.285,0.294,1.48,1.435,1.032,0
2025-10-20 15:31:36,55297.35003295979,37549.722470904206,40485.559845559845,133332.63234942383,0.415,0.282,0.304,1.473,1.366,1.078,0
2025-10-20 15:31:37,52396.05246720799,39401.63457022076,9685.495901166147,101483.1829385949,0.516,0.388,0.095,1.33,5.41,0.246,0
2025-10-20 15:31:38,54471.48051948052,38009.09832351608,38479.85321100918,130960.43205400578,0.416,0.29,0.294,1.433,1.416,1.012,0
2025-10-20 15:31:39,38147.37608003638,38147.37608003638,39512.99105040038,115807.74321047314,0.329,0.329,0.341,1.0,0.965,1.036,0
2025-10-20 15:31:40,35575.09754028838,16070.130268199233,13462.699406194832,65107.92721468244,0.546,0.247,0.207,2.214,2.642,0.838,0
2025-10-20 15:31:41,3580.896439853155,3228.9957273182185,7545.0692570606225,14354.961424231995,0.249,0.225,0.526,1.109,0.475,2.337,0
2025-10-20 15:31:42,24146.827864133564,15049.529960531037,20375.535584163226,59571.893408827826,0.405,0.253,0.342,1.604,1.185,1.354,0
2025-10-20 15:31:43,22435.431933672106,16416.062622309197,19373.228637413395,58224.723193394704,0.385,0.282,0.333,1.367,1.158,1.18,0
2025-10-20 15:31:44,9949.718894555806,6196.799881805422,6025.865957905323,22172.38473426655,0.449,0.279,0.272,1.606,1.651,0.972,0
2025-10-20 15:31:45,10897.126526370486,6380.13994523882,7035.062059711506,24312.32853132081,0.448,0.262,0.289,1.708,1.549,1.103,0
2025-10-20 15:31:46,15497.1513024201,7478.477311224035,7053.992600067272,30029.621213711405,0.516,0.249,0.235,2.072,2.197,0.943,0
2025-10-20 15:31:47,14208.346883468836,11518.066730742827,13096.967993754879,38823.38160796654,0.366,0.297,0.337,1.234,1.085,1.137,0
2025-10-20 15:31:48,14732.363891815947,11745.460655278634,12700.39061317184,39178.21516026642,0.376,0.3,0.324,1.254,1.16,1.081,0
2025-10-20 15:31:49,11326.772886848501,10735.357051446123,9100.24734215665,31162.377280451274,0.363,0.344,0.292,1.055,1.245,0.848,0
2025-10-20 15:31:49,13464.860353130016,11806.626319493314,12777.773038842346,38049.259711465675,0.354,0.31,0.336,1.14,1.054,1.082,0
2025-10-20 15:31:50,14079.570325612622,10605.067003792668,12820.736665138316,37505.37399454361,0.375,0.283,0.342,1.328,1.098,1.209,0
2025-10-20 15:31:51,13344.906140629972,11795.005624296962,12993.506815365552,38133.418580292484,0.35,0.309,0.341,1.131,1.027,1.102,0
2025-10-20 15:31:52,9723.667555349484,6615.099755539784,6713.571828731493,23052.339139620763,0.422,0.287,0.291,1.47,1.448,1.015,0
2025-10-20 15:31:53,9722.540565600371,7142.28011919966,7983.068138561096,24847.888823361125,0.391,0.287,0.321,1.361,1.218,1.118,0
2025-10-20 15:31:54,9982.872783529692,6108.802796387999,7085.571416504772,23177.246996422462,0.431,0.264,0.306,1.634,1.409,1.16,0
2025-10-20 15:31:55,9482.939181550984,6962.65604249668,8027.376076555024,24472.97130060269,0.387,0.285,0.328,1.362,1.181,1.153,0
2025-10-20 15:31:56,10589.002777076495,13332.180546726002,14673.094280216897,38594.2776040194,0.274,0.345,0.38,0.794,0.722,1.101,0
2025-10-20 15:31:57,36503.951261966926,23743.583356920462,27025.154639175256,87272.68925806264,0.418,0.272,0.31,1.537,1.351,1.138,0
2025-10-20 15:31:58,43351.97932816538,28718.27456350565,32375.947510613663,104446.20140228469,0.415,0.275,0.31,1.51,1.339,1.127,0
2025-10-20 15:31:59,50809.25499697153,33420.74900398406,34421.86294624538,118651.86694720098,0.428,0.282,0.29,1.52,1.476,1.03,0
2025-10-20 15:32:00,49872.81807372176,31196.013387876534,34141.6687016687,115210.50016326699,0.433,0.271,0.296,1.599,1.461,1.094,0
2025-10-20 15:32:01,38515.188246097336,12438.623962040332,2324.4224001773396,53278.234608315004,0.723,0.233,0.044,3.096,16.57,0.187,0
2025-10-20 15:32:02,37803.55114916629,28102.539363484088,32350.97570381797,98257.06621646835,0.385,0.286,0.329,1.345,1.169,1.151,0
2025-10-20 15:32:03,51909.70297029703,33675.66439181052,34677.99917321207,120263.36653531963,0.432,0.28,0.288,1.541,1.497,1.03,0
2025-10-20 15:32:04,51527.076167076164,32819.28012519562,33500.830670926516,117847.1869631983,0.437,0.278,0.284,1.57,1.538,1.021,0
2025-10-20 15:32:05,52038.511166253105,4590.963222416813,4336.318428534505,60965.79281720442,0.854,0.075,0.071,11.335,12.001,0.945,0
2025-10-20 15:32:06,6013.339068100358,3923.7606997520934,3875.898904957723,13812.998672810174,0.435,0.284,0.281,1.533,1.551,0.988,0
2025-10-20 15:32:07,2540.5396892698145,3095.198878311564,5337.622804784933,10973.361372366311,0.232,0.282,0.486,0.821,0.476,1.724,0
2025-10-20 15:32:08,7700.209289517165,6015.926563396443,5937.156203552976,19653.292056466584,0.392,0.306,0.302,1.28,1.297,0.987,0
2025-10-20 15:32:09,8230.580847723704,4490.4491194261545,6020.244007463758,18741.273974613614,0.439,0.24,0.321,1.833,1.367,1.341,0
2025-10-20 15:32:10,7808.440845201527,5020.11250748055,6342.033718908294,19170.58707159037,0.407,0.262,0.331,1.555,1.231,1.263,0
2025-10-20 15:32:11,10129.945658736868,8374.371568333832,9374.841305319624,27879.158532390324,0.363,0.3,0.336,1.21,1.081,1.119,0
2025-10-20 15:32:12,9416.937584193984,6778.1254040077565,6229.472746175553,22424.535734377292,0.42,0.302,0.278,1.389,1.512,0.919,0
2025-10-20 15:32:13,4148.258332509148,3673.092214729836,3730.757393818101,11552.107941057086,0.359,0.318,0.323,1.129,1.112,1.016,0
2025-10-20 15:32:14,5899.576622828609,4234.745822605886,4737.452984695318,14871.775430129816,0.397,0.285,0.319,1.393,1.245,1.119,0
2025-10-20 15:32:14,11222.218060200668,14263.914300289067,10582.323703797148,36068.45606428688,0.311,0.395,0.293,0.787,1.06,0.742,0
2025-10-20 15:32:15,14711.694142406173,11925.800398066534,10460.915326100512,37098.409866573216,0.397,0.321,0.282,1.234,1.406,0.877,0
2025-10-20 15:32:16,7391.495285928276,4106.627502814902,6500.27741185587,17998.400200599048,0.411,0.228,0.361,1.8,1.137,1.583,0
2025-10-20 15:32:17,6528.60767374893,4573.6917289133635,5707.312559531909,16809.611962194205,0.388,0.272,0.34,1.427,1.144,1.248,1
2025-10-20 15:32:18,6654.456607964461,4408.791717033689,4955.1704176265575,16018.418742624706,0.415,0.275,0.309,1.509,1.343,1.124,1
2025-10-20 15:32:19,27603.185258308655,16138.145440554059,12285.600468658466,56026.93116752118,0.493,0.288,0.219,1.71,2.247,0.761,1
2025-10-20 15:32:20,34649.35150764147,4112.869190037262,5391.136246786632,44153.35694446537,0.785,0.093,0.122,8.425,6.427,1.311,1
2025-10-20 15:32:21,9972.192106514503,4372.482668751629,4709.261775108067,19053.9365503742,0.523,0.229,0.247,2.281,2.118,1.077,1
2025-10-20 15:32:22,20997.767209011265,17299.66591049701,21082.201558180448,59379.63467768872,0.354,0.291,0.355,1.214,0.996,1.219,1
2025-10-20 15:32:23,48349.32564841498,26672.83942766296,24049.908256880735,99072.07333295868,0.488,0.269,0.243,1.813,2.01,0.902,1
2025-10-20 15:32:24,47473.72948500283,28787.26149622512,32388.447876447877,108649.43885767582,0.437,0.265,0.298,1.649,1.466,1.125,1
2025-10-20 15:32:25,8299.80013851786,6143.250091541559,15750.296657904619,30193.34688796404,0.275,0.203,0.522,1.351,0.527,2.564,1
2025-10-20 15:32:26,46167.35277930655,16483.804283749265,15065.747126436781,77716.90418949259,0.594,0.212,0.194,2.801,3.064,0.914,1
2025-10-20 15:32:27,26124.596698847712,15851.489040060469,17182.728390004097,59158.81412891227,0.442,0.268,0.29,1.648,1.52,1.084,0
2025-10-20 15:32:28,11192.272181454302,14802.55514381507,14810.395480225989,40805.22280549536,0.274,0.363,0.363,0.756,0.756,1.001,0
2025-10-20 15:32:29,23797.4695035461,16288.55922330097,14455.640186110633,54541.668912957706,0.436,0.299,0.265,1.461,1.646,0.887,0
2025-10-20 15:32:30,17288.96949711459,9441.314575126618,12455.24573125464,39185.52980349585,0.441,0.241,0.318,1.831,1.388,1.319,0
2025-10-20 15:32:31,28301.64642375169,18526.0777385159,17916.71935070483,64744.44351297242,0.437,0.286,0.277,1.528,1.58,0.967,0
2025-10-20 15:32:32,31465.146286571642,20697.281026400196,21161.977800201817,73324.40511317365,0.429,0.282,0.289,1.52,1.487,1.022,0
2025-10-20 15:32:33,32400.957898802626,20722.845849802372,20420.175267770206,73543.9790163752,0.441,0.282,0.278,1.564,1.587,0.985,0
2025-10-20 15:32:34,31762.99886406664,20068.44019138756,21003.02453680521,72834.46359225942,0.436,0.276,0.288,1.583,1.512,1.047,0
2025-10-20 15:32:35,28679.00170940171,19920.702920921398,19021.786848072563,67621.49147839566,0.424,0.295,0.281,1.44,1.508,0.955,0
2025-10-20 15:32:36,28581.28790459966,17989.723354063906,16847.9775055232,63418.98876418677,0.451,0.284,0.266,1.589,1.696,0.937,0
2025-10-20 15:32:37,36873.0021978022,20748.473905515708,24399.674229203025,82021.15033252093,0.45,0.253,0.297,1.777,1.511,1.176,0
2025-10-20 15:32:37,25962.884555865057,15122.783486569317,15327.257445642244,56412.92548807662,0.46,0.268,0.272,1.717,1.694,1.014,0
2025-10-20 15:32:38,30272.85456513894,20445.059712405557,21564.544987146528,72282.45926469102,0.419,0.283,0.298,1.481,1.404,1.055,0
2025-10-20 15:32:39,35665.85034013606,20500.01955034213,19553.864801864802,75719.73469234299,0.471,0.271,0.258,1.74,1.824,0.954,0
2025-10-20 15:32:40,12249.719626168224,17274.72817133443,17757.425910245554,47281.87370774821,0.259,0.365,0.376,0.709,0.69,1.028,0
2025-10-20 15:32:41,28149.691275167785,17450.817557728315,8890.004239084357,54490.51307198046,0.517,0.32,0.163,1.613,3.166,0.509,0
2025-10-20 15:32:42,30196.57307415407,18416.2634467618,21199.41369724539,69812.25021816125,0.433,0.264,0.304,1.64,1.424,1.151,0
2025-10-20 15:32:43,31230.856291883843,21024.080200501252,21290.883248730963,73545.81974111605,0.425,0.286,0.289,1.485,1.467,1.013,1
2025-10-20 15:32:44,35772.31556503198,22005.792235047218,22139.371865927686,79917.4796660069,0.448,0.275,0.277,1.626,1.616,1.006,1
2025-10-20 15:32:45,34478.45458281956,20651.422944362384,22411.45605129575,77541.3335784777,0.445,0.266,0.289,1.67,1.538,1.085,1
2025-10-20 15:32:46,34865.36990856193,22429.433155080213,21982.72536687631,79277.52843051846,0.44,0.283,0.277,1.554,1.586,0.98,1
2025-10-20 15:32:47,33117.28385313857,21183.353535353537,20575.44272749571,74876.08011598782,0.442,0.283,0.275,1.563,1.61,0.971,1
2025-10-20 15:32:48,29096.80194242109,18863.52147515179,18628.93182322896,66589.25524080184,0.437,0.283,0.28,1.542,1.562,0.988,1
2025-10-20 15:32:49,27369.030995106037,20753.60712518555,24216.535796766744,72339.17391705833,0.378,0.287,0.335,1.319,1.13,1.167,1
2025-10-20 15:32:50,8408.78909382518,14488.096718480137,23064.635688754468,45961.52150105979,0.183,0.315,0.502,0.58,0.365,1.592,0
2025-10-20 15:32:51,32844.980422866094,13858.595737650752,9086.447140381282,55790.02330089813,0.589,0.248,0.163,2.37,3.615,0.656,1
2025-10-20 15:32:52,14876.056038304663,25358.548972188633,25653.235474006116,65887.84048449941,0.226,0.385,0.389,0.587,0.58,1.012,1
2025-10-20 15:32:53,33367.57358790772,28484.237691001697,29167.621696801114,91019.43297571053,0.367,0.313,0.32,1.171,1.144,1.024,1
2025-10-20 15:32:54,43307.21734641198,26681.323155216283,13119.499530810135,83108.0400324384,0.521,0.321,0.158,1.623,3.301,0.492,1
2025-10-20 15:32:55,34197.34203016714,21161.977800201817,25450.873786407767,80810.19361677673,0.423,0.262,0.315,1.616,1.344,1.203,1
2025-10-20 15:32:56,36251.547104580815,23392.66034578918,24636.14684287812,84280.35429324812,0.43,0.278,0.292,1.55,1.471,1.053,1
2025-10-20 15:32:57,35201.879983214436,25040.62089552239,33013.01849665486,93255.51937539168,0.377,0.269,0.354,1.406,1.066,1.318,1
2025-10-20 15:32:58,52396.05246720799,35757.0673486786,39643.705103969754,127796.82491985636,0.41,0.28,0.31,1.465,1.322,1.109,1
2025-10-20 15:32:59,54365.57355800389,37718.561151079135,38657.179723502304,130741.31443258532,0.416,0.288,0.296,1.441,1.406,1.025,1
2025-10-20 15:32:59,58254.22222222222,38026.328195829556,40002.89938006676,136283.44979811853,0.427,0.279,0.294,1.532,1.456,1.052,1
2025-10-20 15:33:00,57221.06412005457,34677.99917321207,39662.44917257683,131561.51246584347,0.435,0.264,0.301,1.65,1.443,1.144,1
2025-10-20 15:33:01,58457.19860627178,38216.89293849658,38147.37608003638,134821.46762480476,0.434,0.283,0.283,1.53,1.532,0.998,1
2025-10-20 15:33:02,56186.25586068319,38009.09832351608,38568.31264367816,132763.66682787743,0.423,0.286,0.291,1.478,1.457,1.015,1
2025-10-20 15:33:03,54971.218872870246,35201.879983214436,38890.162262401485,129063.26111848617,0.426,0.273,0.301,1.562,1.413,1.105,1
2025-10-20 15:33:04,57377.61969904241,38391.79862700229,38550.58823529412,134320.0065613388,0.427,0.286,0.287,1.495,1.488,1.004,1
2025-10-20 15:33:05,57377.61969904241,35040.13366750209,38998.64249186425,131416.39585840874,0.437,0.267,0.297,1.637,1.471,1.113,1
2025-10-20 15:33:06,59325.3748231966,38603.81040036815,38639.37356057116,136568.5587841359,0.434,0.283,0.283,1.537,1.535,1.001,1
2025-10-20 15:33:07,3446.5705246723364,2504.809793968349,2676.2188546817674,8627.599173322453,0.399,0.29,0.31,1.376,1.288,1.068,1
2025-10-20 15:33:08,3404.0530779531714,2632.876557546844,5342.7221196102155,11379.65175511023,0.299,0.231,0.469,1.293,0.637,2.029,1
2025-10-20 15:33:09,3676.633941093969,2706.0025806451613,2785.1548856203726,9167.791407359502,0.401,0.295,0.304,1.359,1.32,1.029,1
2025-10-20 15:33:10,3624.3715705335926,2530.4238182860245,2696.0012855535915,8850.796674373209,0.409,0.286,0.305,1.432,1.344,1.065,1
2025-10-20 15:33:11,3619.211321080335,2715.8145558145557,2794.8052640346496,9129.83114092954,0.396,0.297,0.306,1.333,1.295,1.029,1
2025-10-20 15:33:12,3375.154099943671,2455.609613301718,2534.7821357345742,8365.545848979964,0.403,0.294,0.303,1.374,1.332,1.032,1
2025-10-20 15:33:13,3272.070835121114,2527.8312490583094,2748.741070843437,8548.64315502286,0.383,0.296,0.322,1.294,1.19,1.087,1
2025-10-20 15:33:14,3855.413181358581,2780.354645189089,2938.8340807174886,9574.601907265158,0.403,0.29,0.307,1.387,1.312,1.057,1
2025-10-20 15:33:15,3708.3276601388093,2836.960330075417,2863.885835239493,9409.17382545372,0.394,0.302,0.304,1.307,1.295,1.009,1
2025-10-20 15:33:16,3717.2012230247706,2706.9631159443675,2973.5238027719683,9397.688141741106,0.396,0.288,0.316,1.373,1.25,1.098,1
2025-10-20 15:33:17,4002.389426976478,2778.8809752542484,2939.760995268968,9721.031397499693,0.412,0.286,0.302,1.44,1.361,1.058,1
2025-10-20 15:33:18,3892.444898148578,2856.377008989376,2950.5145791565546,9699.336486294509,0.401,0.294,0.304,1.363,1.319,1.033,1
2025-10-20 15:33:19,3856.1220924887375,2782.198932042055,2879.6155298479284,9517.93655437872,0.405,0.292,0.303,1.386,1.339,1.035,1
2025-10-20 15:33:20,3364.999799430382,2874.8785085163986,2902.1304272617194,9142.008735208501,0.368,0.314,0.317,1.17,1.159,1.009,1
2025-10-20 15:33:21,3784.277529661208,2725.2551898898673,2946.369288047487,9455.902007598563,0.4,0.288,0.312,1.389,1.284,1.081,1
2025-10-20 15:33:22,2658.661257606491,2793.87443796836,2388.8959134273105,7841.43160900216,0.339,0.356,0.305,0.952,1.113,0.855,1
2025-10-20 15:33:23,3817.341524459613,2817.238044062332,2871.925776301825,9506.50534482377,0.402,0.296,0.302,1.355,1.329,1.019,1
2025-10-20 15:33:24,3924.127800907517,2851.7160728855047,2894.3201186902666,9670.163992483289,0.406,0.295,0.299,1.376,1.356,1.015,1
2025-10-20 15:33:25,3850.1046447585827,2807.620322645425,2990.484474706784,9648.209442110792,0.399,0.291,0.31,1.371,1.287,1.065,1
2025-10-20 15:33:26,3795.578480611737,2759.8644513900313,2906.2527716186255,9461.695703620393,0.401,0.292,0.307,1.375,1.306,1.053,1
2025-10-20 15:33:27,3743.243195002231,2794.8052640346496,2982.1920437982153,9520.240502835095,0.393,0.294,0.313,1.339,1.255,1.067,1
2025-10-20 15:33:28,3846.926533981473,2750.904440217748,3010.770224678774,9608.601198877994,0.4,0.286,0.313,1.398,1.278,1.094,1
2025-10-20 15:33:28,3786.3272399006996,2855.988015797358,2895.2191620073168,9537.534417705374,0.397,0.299,0.304,1.326,1.308,1.014,1
2025-10-20 15:33:29,3922.1095941649523,2919.909499112395,3062.094542799781,9904.113636077129,0.396,0.295,0.309,1.343,1.281,1.049,1
2025-10-20 15:33:30,3816.820456820457,2856.085254162269,3029.4720115565187,9702.377722539244,0.393,0.294,0.312,1.336,1.26,1.061,1
2025-10-20 15:33:31,3865.896124245357,2808.936512188588,2980.073181995808,9654.905818429754,0.4,0.291,0.309,1.376,1.297,1.061,1
2025-10-20 15:33:32,3966.432455435245,2773.735409846907,2997.644368210406,9737.812233492557,0.407,0.285,0.308,1.43,1.323,1.081,1
2025-10-20 15:33:33,3946.46593902898,2896.118764025548,3013.474153105579,9856.058856160107,0.4,0.294,0.306,1.363,1.31,1.041,1
2025-10-20 15:33:34,3840.586026920612,2916.35655680712,2996.8947161587653,9753.837299886498,0.394,0.299,0.307,1.317,1.282,1.028,1
2025-10-20 15:33:35,3843.9297988360904,2806.5870387098935,2940.4823331463826,9590.999170692367,0.401,0.293,0.307,1.37,1.307,1.048,1
2025-10-20 15:33:36,2562.8155933031894,2923.471108942636,2971.1015088191543,8457.38821106498,0.303,0.346,0.351,0.877,0.863,1.016,1
2025-10-20 15:33:37,3869.6411108035795,2792.3864052461636,2962.4975278994207,9624.525043949165,0.402,0.29,0.308,1.386,1.306,1.061,1
2025-10-20 15:33:38,3981.3042240151876,2870.84462696783,2896.918879718203,9749.067730701221,0.408,0.294,0.297,1.387,1.374,1.009,1
2025-10-20 15:33:39,3940.3485368030438,2895.518967243105,3109.771269694161,9945.638773740311,0.396,0.291,0.313,1.361,1.267,1.074,1
2025-10-20 15:33:40,3911.50237806584,2805.366865092636,2940.4823331463826,9657.351576304858,0.405,0.29,0.304,1.394,1.33,1.048,1
2025-10-20 15:33:41,3756.485602973445,2881.7918856710985,2950.0995252329876,9588.377013877533,0.392,0.301,0.308,1.304,1.273,1.024,1
2025-10-20 15:33:42,3897.689805780132,2796.9485196052283,2992.7249375668925,9687.363262952253,0.402,0.289,0.309,1.394,1.302,1.07,1
2025-10-20 15:33:43,3991.1542487391757,2894.819518255228,3031.8808732109296,9917.854640205334,0.402,0.292,0.306,1.379,1.316,1.047,1
2025-10-20 15:33:44,3841.817265857568,2814.4968964938766,2973.3130117321803,9629.627174083626,0.399,0.292,0.309,1.365,1.292,1.056,0
2025-10-20 15:33:45,3727.110676678367,2835.9053414469236,3051.845599738058,9614.86161786335,0.388,0.295,0.317,1.314,1.221,1.076,0
2025-10-20 15:33:46,3856.831264367816,2947.8188143514776,3044.5352593184043,9849.185338037698,0.392,0.299,0.309,1.308,1.267,1.033,0
2025-10-20 15:33:47,3905.310986964618,2866.038470736957,2962.392908853339,9733.742366554914,0.401,0.294,0.304,1.363,1.318,1.034,0
2025-10-20 15:33:48,4002.9623974040846,2927.5521742165142,2969.5238769513967,9900.038448571995,0.404,0.296,0.3,1.367,1.348,1.014,0
2025-10-20 15:33:49,3921.009628867907,2837.8240866035185,2943.6810892374638,9702.51480470889,0.404,0.292,0.303,1.382,1.332,1.037,0
2025-10-20 15:33:50,3993.624375148774,2853.365080444913,3064.779511161448,9911.768966755135,0.403,0.288,0.309,1.4,1.303,1.074,0
2025-10-20 15:33:51,1518.6574216557742,2871.041139023889,3013.2576601171018,7402.956220796765,0.205,0.388,0.407,0.529,0.504,1.05,0
2025-10-20 15:33:52,3816.1259212082614,2804.428991709013,2971.311986398413,9591.866899315686,0.398,0.292,0.31,1.361,1.284,1.06,0
2025-10-20 15:33:53,3816.9941302270554,2918.9950588071542,2990.8043354249858,9726.793524459195,0.392,0.3,0.307,1.308,1.276,1.025,0
2025-10-20 15:33:54,3889.016226240148,2847.5535490003053,3047.52161592676,9784.091391167214,0.397,0.291,0.311,1.366,1.276,1.07,0
2025-10-20 15:33:55,3901.315226490559,2864.4725968926073,2921.9436413668186,9687.731464749984,0.403,0.296,0.302,1.362,1.335,1.02,0
2025-10-20 15:33:56,3894.2518917413304,2900.2240354031255,3052.0676732763327,9846.54360042079,0.395,0.295,0.31,1.343,1.276,1.052,0
2025-10-20 15:33:57,3950.740827956483,2798.3480668512525,2990.8043354249858,9739.893230232721,0.406,0.287,0.307,1.412,1.321,1.069,0
2025-10-20 15:33:58,3952.9748833702465,2806.962690312866,2945.645059344055,9705.582633027167,0.407,0.289,0.304,1.408,1.342,1.049,0
2025-10-20 15:33:59,3931.300028118849,2889.634171546676,3042.989081147749,9863.923280813273,0.399,0.293,0.308,1.36,1.292,1.053,0
2025-10-20 15:34:00,3983.5729888878336,2899.8230088495575,3093.258600980862,9976.654598718253,0.399,0.291,0.31,1.374,1.288,1.067,0
2025-10-20 15:34:01,3946.837301213889,2791.828801544247,2986.0135976933757,9724.679700451512,0.406,0.287,0.307,1.414,1.322,1.07,0
2025-10-20 15:34:01,3909.861570729434,2920.5194443477353,3003.4400286430364,9833.821043720207,0.398,0.297,0.305,1.339,1.302,1.028,0
2025-10-20 15:34:02,3879.663305892147,2829.4009713977334,3113.3491686460807,9822.413445935961,0.395,0.288,0.317,1.371,1.246,1.1,0
2025-10-20 15:34:03,3999.5270334700103,2807.1505538265906,2970.9962812112626,9777.673868507864,0.409,0.287,0.304,1.425,1.346,1.058,0
2025-10-20 15:34:04,3720.3335107326593,2754.608084589367,2837.632095257425,9312.573690579451,0.399,0.296,0.305,1.351,1.311,1.03,0
2025-10-20 15:34:05,3780.355114916629,2808.372279879478,2972.2595046593206,9560.986899455427,0.395,0.294,0.311,1.346,1.272,1.058,0
2025-10-20 15:34:06,3958.571091501109,2769.0658216148413,2922.7580920525415,9650.395005168491,0.41,0.287,0.303,1.43,1.354,1.056,0
2025-10-20 15:37:54,77314.35944700461,51243.78741600489,57733.02133516862,186291.16819817811,0.415,0.275,0.31,1.509,1.339,1.127,0
2025-10-20 15:37:56,73071.49825783972,43106.92702980473,51781.53086419753,167959.95615184197,0.435,0.257,0.308,1.695,1.411,1.201,0
2025-10-20 15:37:58,45221.6064690027,31242.487895716946,33743.39501206758,110207.48937678721,0.41,0.283,0.306,1.447,1.34,1.08,0
2025-10-20 15:38:00,49872.81807372176,32288.714395688992,33879.67689822294,116041.2093676337,0.43,0.278,0.292,1.545,1.472,1.049,0
2025-10-20 15:38:01,50231.18562874252,31382.745978301533,33474.09417398244,115088.02578102649,0.436,0.273,0.291,1.601,1.501,1.067,0
2025-10-20 15:38:04,11023.137976346912,7319.263589564611,7901.853805576488,26244.255371488012,0.42,0.279,0.301,1.506,1.395,1.08,0
2025-10-20 15:38:05,10645.441624365481,7386.939063050369,7716.50078189679,25748.88146931264,0.413,0.287,0.3,1.441,1.38,1.045,0
2025-10-20 15:38:06,10919.822962770111,6051.076967467359,7768.668271902204,24739.568202139675,0.441,0.245,0.314,1.805,1.406,1.284,0
2025-10-20 15:38:08,9247.721309668173,6921.864840333361,3977.9059180576633,20147.492068059197,0.459,0.344,0.197,1.336,2.325,0.575,0
2025-10-20 15:38:09,10542.425537262787,6956.304834563397,7675.5494555769055,25174.279827403087,0.419,0.276,0.305,1.516,1.374,1.103,0
2025-10-20 15:38:10,11439.530887767625,5475.235297957052,7790.312035661218,24705.0782213859,0.463,0.222,0.315,2.089,1.468,1.423,0
2025-10-20 15:38:11,5615.616548400054,4131.70861449047,7341.041393191564,17088.36655608209,0.329,0.242,0.43,1.359,0.765,1.777,0
2025-10-20 15:38:12,6724.874138207471,7779.475099693963,8034.295565558855,22538.64480346029,0.298,0.345,0.356,0.864,0.837,1.033,0
2025-10-20 15:38:13,6347.312348668281,8092.425236349604,8393.644186511907,22833.381771529792,0.278,0.354,0.368,0.784,0.756,1.037,0
2025-10-20 15:38:13,12330.748199323827,8411.318560112304,8544.11081686698,29286.17757630311,0.421,0.287,0.292,1.466,1.443,1.016,0
2025-10-20 15:38:14,69615.0041493776,35879.418306244654,37957.50226244344,143451.92471806568,0.485,0.25,0.265,1.94,1.834,1.058,0
2025-10-20 15:38:15,52659.1839296924,31775.030303030304,31679.0332326284,116113.2474653511,0.454,0.274,0.273,1.657,1.662,0.997,0
2025-10-20 15:38:16,50261.28220491312,30382.499094530966,32152.57953238789,112796.36083183197,0.446,0.269,0.285,1.654,1.563,1.058,0
2025-10-20 15:38:17,51877.600494743354,27869.129568106313,35499.82225983919,115246.55232268886,0.45,0.242,0.308,1.861,1.461,1.274,0
2025-10-20 15:38:18,50472.97232250301,32313.590138674885,34267.18954248366,117053.75200366156,0.431,0.276,0.293,1.562,1.473,1.06,0
2025-10-20 15:38:19,51400.78431372549,32564.47204968944,33729.827100924806,117695.08346433972,0.437,0.277,0.287,1.578,1.524,1.036,0
2025-10-20 15:38:20,52232.92652552926,32140.260536398466,33608.205128205125,117981.39219013286,0.443,0.272,0.285,1.625,1.554,1.046,0
2025-10-20 15:38:21,85250.081300813,50655.84541062802,52363.34581772784,188269.27252916887,0.453,0.269,0.278,1.683,1.628,1.034,0
2025-10-20 15:38:22,58012.50345781466,41755.141861622695,43106.92702980473,142874.57234924208,0.406,0.292,0.302,1.389,1.346,1.032,0
2025-10-20 15:38:23,66629.13423351866,37183.54609929078,44739.242666666665,148551.9229994761,0.449,0.25,0.301,1.792,1.489,1.203,0
2025-10-20 15:38:24,63119.69902182092,40156.09382479655,40840.35053554041,144116.14338215787,0.438,0.279,0.283,1.572,1.546,1.017,0
2025-10-20 15:38:25,56299.38255033557,39420.15037593985,42302.61220373172,138022.14513000715,0.408,0.286,0.306,1.428,1.331,1.073,0
2025-10-20 15:38:26,61500.0586510264,38550.58823529412,38479.85321100918,138530.5000973297,0.444,0.278,0.278,1.595,1.598,0.998,0
2025-10-20 15:38:27,58416.49025069638,38854.1361741547,41282.51968503937,138553.14610989043,0.422,0.28,0.298,1.503,1.415,1.062,0
2025-10-20 15:38:28,61545.179750550255,39053.109869646185,42820.867789688615,143419.15740988505,0.429,0.272,0.299,1.576,1.437,1.096,0
2025-10-20 15:38:29,62695.127055306424,39662.44917257683,44454.73237943826,146812.30860732152,0.427,0.27,0.303,1.581,1.41,1.121,0
2025-10-20 15:38:30,64428.63287250384,40622.799031477,37650.84380610413,142702.27571008497,0.451,0.285,0.264,1.586,1.711,0.927,0
2025-10-20 15:38:31,56299.38255033557,39983.832221163015,43195.7157569516,139478.93052845018,0.404,0.287,0.31,1.408,1.303,1.08,0
2025-10-20 15:38:32,62883.11844077961,39199.102803738315,41985.025025025025,144067.24626954296,0.436,0.272,0.291,1.604,1.498,1.071,0
2025-10-20 15:38:33,59451.50956768249,38998.64249186425,39309.31583880037,137759.46789834712,0.432,0.283,0.285,1.524,1.512,1.008,0
2025-10-20 15:38:34,48884.66200466201,40060.21012416428,41775.93625498008,130720.80838380638,0.374,0.306,0.32,1.22,1.17,1.043,0
2025-10-20 15:38:35,64182.157612853865,39125.97014925373,13391.775223499362,116699.90298560695,0.55,0.335,0.115,1.64,4.793,0.342,0
2025-10-20 15:38:35,69499.65202982601,46040.658616904504,48799.34845840605,164339.65910513658,0.423,0.28,0.297,1.51,1.424,1.06,0
2025-10-20 15:38:36,73199.02268760907,24585.603751465416,45417.476989713046,143202.10342878755,0.511,0.172,0.317,2.977,1.612,1.847,0
2025-10-20 15:38:37,45914.65790914067,44596.53375863902,52891.60151324086,143402.79318102056,0.32,0.311,0.369,1.03,0.868,1.186,0
2025-10-20 15:38:38,75505.02250225023,52692.261306532666,54506.874593892135,182704.15840267504,0.413,0.288,0.298,1.433,1.385,1.034,0
2025-10-20 15:38:39,67595.55197421434,50932.65330904675,56148.64792503347,174676.85320829455,0.387,0.292,0.321,1.327,1.204,1.102,0
2025-10-20 15:38:40,82891.38339920949,50081.24179104478,24600.023460410557,157572.64865066484,0.526,0.318,0.156,1.655,3.37,0.491,0
2025-10-20 15:38:41,86928.58031088083,54899.267015706806,52330.67997504679,194158.52730163443,0.448,0.283,0.27,1.583,1.661,0.953,0
2025-10-20 15:38:42,85510.78491335372,51909.70297029703,43622.50650026001,181042.99438391076,0.472,0.287,0.241,1.647,1.96,0.84,0
2025-10-20 15:38:43,81521.9436345967,57221.06412005457,52103.1552795031,190846.1630341544,0.427,0.3,0.273,1.425,1.565,0.911,0
2025-10-20 15:38:44,17909.069171648163,12604.970698722766,14789.50634696756,45303.54621733849,0.395,0.278,0.326,1.421,1.211,1.173,0
2025-10-20 15:38:45,53126.07979734009,33662.15088282504,42302.61220373172,129090.84288389684,0.412,0.261,0.328,1.578,1.256,1.257,0
2025-10-20 15:38:46,11328.302498311952,51653.99014778325,52428.8,115411.0926460952,0.098,0.448,0.454,0.219,0.216,1.015,0
2025-10-20 15:38:47,71943.46483704975,42864.629535002554,46141.958195819585,160950.05256787187,0.447,0.266,0.287,1.678,1.559,1.076,0
2025-10-20 15:38:48,59116.33544749824,33975.73106520859,31045.921539600295,124137.98805230713,0.476,0.274,0.25,1.74,1.904,0.914,0
2025-10-20 15:38:49,45789.34497816594,27915.500831946756,28018.06279225117,101722.90860236387,0.45,0.274,0.275,1.64,1.634,1.004,0
2025-10-20 15:38:50,45590.260869565216,21648.02064516129,25834.949183862027,93073.23069858854,0.49,0.233,0.278,2.106,1.765,1.193,0
2025-10-20 15:38:51,34281.193297915815,20465.010978287388,21024.080200501252,75770.28447670446,0.452,0.27,0.277,1.675,1.631,1.027,0
2025-10-20 15:38:52,29704.70254957507,18501.561535068373,19526.554934823092,67732.81901946654,0.439,0.273,0.288,1.606,1.521,1.055,0
2025-10-20 15:38:53,36377.31136166522,22005.792235047218,15092.853544440446,73475.95714115287,0.495,0.299,0.205,1.653,2.41,0.686,0
2025-10-20 15:38:54,14729.77699736611,8538.023409669211,8469.919224555735,31737.719631591055,0.464,0.269,0.267,1.725,1.739,0.992,0
2025-10-20 15:38:55,30705.007320644218,19549.30785364717,18591.77304964539,68846.08822393678,0.446,0.284,0.27,1.571,1.652,0.951,0
2025-10-20 15:38:56,14550.924544666088,10989.922704048211,14002.016357870138,39542.86360658444,0.368,0.278,0.354,1.324,1.039,1.274,0
2025-10-20 15:38:57,29433.712280701755,18753.874357254637,19812.48937175248,68000.07600970888,0.433,0.276,0.291,1.569,1.486,1.056,0
2025-10-20 15:38:57,8367.688778054862,4947.863631001534,9099.260223451567,22414.812632507965,0.373,0.221,0.406,1.691,0.92,1.839,0
2025-10-20 15:38:58,16763.804956035172,14538.315424610051,14632.143729286587,45934.26410993181,0.365,0.317,0.319,1.153,1.146,1.006,0
2025-10-20 15:38:59,19209.086329287842,11641.143491534833,9272.253785785344,40122.48360660802,0.479,0.29,0.231,1.65,2.072,0.797,0
2025-10-20 15:39:00,31691.00113335852,17675.11167298778,8263.01024428684,57629.123050633134,0.55,0.307,0.143,1.793,3.835,0.467,0
2025-10-20 15:39:01,26132.73520249221,15243.69980010903,17168.66148178469,58545.096484385926,0.446,0.26,0.293,1.714,1.522,1.126,0
2025-10-20 15:39:02,41323.1921182266,29694.18761061947,29454.38202247191,100471.76175131799,0.411,0.296,0.293,1.392,1.403,0.992,0
2025-10-20 15:39:03,21269.290060851927,13389.637669592978,13858.595737650752,48517.52346809566,0.438,0.276,0.286,1.588,1.535,1.035,0
2025-10-20 15:39:04,27271.15734720416,21355.9266802444,22483.537925489145,71110.62195293771,0.384,0.3,0.316,1.277,1.213,1.053,0
2025-10-20 15:39:05,31347.563527653212,20997.767209011265,19200.292973220417,71545.6237098849,0.438,0.293,0.268,1.493,1.633,0.914,0
2025-10-20 15:39:06,34365.45678000819,22894.67248908297,23831.272727272728,81091.40199636389,0.424,0.282,0.294,1.501,1.442,1.041,0
2025-10-20 15:39:07,19204.688644688646,13657.77922500814,15522.960769800147,48385.42863949694,0.397,0.282,0.321,1.406,1.237,1.137,0
2025-10-20 15:39:08,16727.034895314056,8696.46278250052,6054.570913027787,31478.068590842362,0.531,0.276,0.192,1.923,2.763,0.696,0
2025-10-20 15:39:09,11241.768962744572,4566.720017420655,8141.11801242236,23949.60699258759,0.469,0.191,0.34,2.462,1.381,1.783,0
2025-10-20 15:39:10,36142.214562688496,21432.314767501277,21426.84035759898,79001.36968778876,0.457,0.271,0.271,1.686,1.687,1.0,0
2025-10-20 15:39:11,29916.57631954351,19613.299041384147,15095.569551916502,64625.44491284416,0.463,0.303,0.234,1.525,1.982,0.77,0
2025-10-20 15:39:12,72944.41739130435,37499.365221278495,36647.479248580166,147091.26186116302,0.496,0.255,0.249,1.945,1.99,0.977,0
2025-10-20 15:39:13,75166.73835125448,48377.208765859286,49813.58669833729,173357.53381545105,0.434,0.279,0.287,1.554,1.509,1.03,0
2025-10-20 15:39:14,89051.04033970275,50382.03003003003,60004.34907010014,199437.41943983294,0.447,0.253,0.301,1.768,1.484,1.191,0
2025-10-20 15:39:15,88394.18335089568,55775.31914893617,65179.54933954934,209349.05183938117,0.422,0.266,0.311,1.585,1.356,1.169,0
2025-10-20 15:39:16,76190.80835603997,55370.3498349835,45889.540481400436,177450.6986724239,0.429,0.312,0.259,1.376,1.66,0.829,0
2025-10-20 15:39:17,70138.86287625418,53498.77551020408,53946.032154340835,177583.6705407991,0.395,0.301,0.304,1.311,1.3,1.008,0
2025-10-20 15:39:18,64776.895752895754,41060.2447381302,46889.92733370598,152727.06782473193,0.424,0.269,0.307,1.578,1.381,1.142,0
2025-10-20 15:39:19,67595.55197421434,50351.7887154862,56794.9085985105,174742.24928821102,0.387,0.288,0.325,1.342,1.19,1.128,0
2025-10-20 15:39:19,84054.1883767535,54648.912052117266,36393.09327548807,175096.19370435883,0.48,0.312,0.208,1.538,2.31,0.666,0
2025-10-20 15:39:20,78033.56279069767,54577.80091086532,59033.13159746657,191644.49529902954,0.407,0.285,0.308,1.43,1.322,1.082,0
2025-10-20 15:39:21,77314.35944700461,54863.361674296924,56718.10682893847,188895.82795024,0.409,0.29,0.3,1.409,1.363,1.034,0
2025-10-20 15:39:22,81601.24513618677,49344.75294117647,58538.78576413119,189484.78384149444,0.431,0.26,0.309,1.654,1.394,1.186,0
2025-10-20 15:39:23,72440.48359240069,50321.58368326335,52200.42314872433,174962.49042438838,0.414,0.288,0.298,1.44,1.388,1.037,0
2025-10-20 15:39:24,71575.15358361775,49200.046920821114,45990.17543859649,166765.37594303535,0.429,0.295,0.276,1.455,1.556,0.935,0
2025-10-20 15:39:25,66313.10671936758,46015.40318156884,50809.25499697153,163137.76489790797,0.406,0.282,0.311,1.441,1.305,1.104,0
2025-10-20 15:39:26,77385.68265682657,43577.184415584416,49932.19047619047,170895.05754860147,0.453,0.255,0.292,1.776,1.55,1.146,0
2025-10-20 15:39:27,78766.27230046949,53092.45569620253,54791.69170476813,186650.41970144014,0.422,0.284,0.294,1.484,1.438,1.032,0
2025-10-20 15:39:28,84138.49548645937,54577.80091086532,56036.12558450234,194752.42198182706,0.432,0.28,0.288,1.542,1.502,1.027,0
2025-10-20 15:39:29,80971.11969111969,48127.412507171546,57574.52299245024,186673.0551907415,0.434,0.258,0.308,1.682,1.406,1.196,0
2025-10-20 15:39:30,65536.0,53261.003174603175,42842.73748723187,161639.74066183504,0.405,0.33,0.265,1.23,1.53,0.804,0
2025-10-20 15:39:31,73519.78965819457,49961.92972007147,53980.74646074646,177462.4658390125,0.414,0.282,0.304,1.472,1.362,1.08,0
2025-10-20 15:39:32,82160.70519098923,50321.58368326335,50963.59659781288,183445.88547206548,0.448,0.274,0.278,1.633,1.612,1.013,0
2025-10-20 15:39:33,74235.46902654867,54365.57355800389,56949.137813985064,185550.18039853763,0.4,0.293,0.307,1.365,1.304,1.048,0
2025-10-20 15:39:34,82080.31311154598,51275.11002444988,49373.79635079458,182729.21948679045,0.449,0.281,0.27,1.601,1.662,0.963,0
2025-10-20 15:39:35,67378.37751004015,42646.71072699542,43464.290155440416,153489.378392476,0.439,0.278,0.283,1.58,1.55,1.019,0
2025-10-20 15:39:36,71758.83661248931,44596.53375863902,49431.985857395404,165787.35622852374,0.433,0.269,0.298,1.609,1.452,1.108,0
2025-10-20 15:39:37,67650.06451612903,44360.6980433633,48210.3908045977,160221.15336409002,0.422,0.277,0.301,1.525,1.403,1.087,0
2025-10-20 15:39:38,71881.81662382177,45714.48501362398,48377.208765859286,165973.51040330503,0.433,0.275,0.291,1.572,1.486,1.058,0
2025-10-20 15:39:39,70492.50420168067,45466.71002710027,49519.52774498229,165478.74197376322,0.426,0.275,0.299,1.55,1.424,1.089,0
2025-10-20 15:39:39,67595.55197421434,45864.45051940951,47313.07388606881,160773.07637969265,0.42,0.285,0.294,1.474,1.429,1.032,0
2025-10-20 15:39:40,72067.0790378007,45914.65790914067,43419.29606625259,161401.03301319393,0.447,0.284,0.269,1.57,1.66,0.946,0
2025-10-20 15:39:41,69384.68155500414,46167.35277930655,37516.13595706619,153068.17029137688,0.453,0.302,0.245,1.503,1.849,0.813,0
2025-10-20 15:39:42,61908.54612546125,45565.49701249321,47313.07388606881,154787.11702402326,0.4,0.294,0.306,1.359,1.308,1.038,0
2025-10-20 15:39:43,72129.04557179708,45990.17543859649,46577.501388117715,164696.72239851128,0.438,0.279,0.283,1.568,1.549,1.013,0
2025-10-20 15:39:44,62554.86950037286,47366.504799548275,52692.261306532666,162613.63560645378,0.385,0.291,0.324,1.321,1.187,1.112,0
2025-10-20 15:39:45,69442.11920529802,46371.52017689331,48770.976744186046,164584.61612637737,0.422,0.282,0.296,1.498,1.424,1.052,0
2025-10-20 15:40:02,55701.24833997344,40021.98473282443,44691.57165689931,140414.80472969718,0.397,0.285,0.318,1.392,1.246,1.117,1
2025-10-20 15:40:03,59747.92022792023,40940.00976085896,44834.890432923574,145522.82042170275,0.411,0.281,0.308,1.459,1.333,1.095,1
2025-10-20 15:40:04,60219.7272074659,35409.911355002114,35833.43870140966,131463.07726387767,0.458,0.269,0.273,1.701,1.681,1.012,1
2025-10-20 15:40:05,39945.752380952385,24499.439252336448,26247.20901126408,90692.40064455292,0.44,0.27,0.289,1.63,1.522,1.071,1
2025-10-20 15:40:06,36173.38507977576,22562.151694459386,25175.8943577431,83911.43113197826,0.431,0.269,0.3,1.603,1.437,1.116,1
2025-10-20 15:40:07,37019.452780229476,22116.02425520696,23629.881690140846,82765.35872557729,0.447,0.267,0.286,1.674,1.567,1.068,1
2025-10-20 15:40:08,34478.45458281956,19977.632769707074,24600.023460410557,79056.1108129372,0.436,0.253,0.311,1.726,1.402,1.231,1
2025-10-20 15:40:09,33554.432,20030.10506208214,23967.45142857143,77551.98849065357,0.433,0.258,0.309,1.675,1.4,1.197,1
2025-10-20 15:40:10,32755.204998047637,19147.70143802785,23128.22718500138,75031.13362107686,0.437,0.255,0.308,1.711,1.416,1.208,1
2025-10-20 15:40:11,26067.768800497204,18355.816192560174,22215.593220338982,66639.17821339636,0.391,0.275,0.333,1.42,1.173,1.21,1
2025-10-20 15:40:12,30515.125500181883,20671.77920157713,18094.495254529767,69281.39995628878,0.44,0.298,0.261,1.476,1.686,0.875,1
2025-10-20 15:40:13,26470.836225938783,19845.299266619353,19859.39393939394,66175.52943195208,0.4,0.3,0.3,1.334,1.333,1.001,1
2025-10-20 15:40:14,32922.32339089482,17039.626244160067,21114.03976843695,71075.98940349184,0.463,0.24,0.297,1.932,1.559,1.239,1
2025-10-20 15:40:15,21765.978204462896,18327.743063141796,9133.937282229965,49227.658549834654,0.442,0.372,0.186,1.188,2.383,0.498,1
2025-10-20 15:40:16,16054.752153110048,11181.828845641163,21794.253052740973,49030.83405149219,0.327,0.228,0.445,1.436,0.737,1.949,1
2025-10-20 15:40:17,28876.447504302927,14503.125864453665,12083.84903486027,55463.42240361687,0.521,0.261,0.218,1.991,2.39,0.833,1
2025-10-20 15:40:18,11023.137976346912,11628.233989464929,9475.441093414662,32126.813059226504,0.343,0.362,0.295,0.948,1.163,0.815,1
2025-10-20 15:40:19,21948.21559392988,6506.83214396525,17527.38821562892,45982.43595352405,0.477,0.142,0.381,3.373,1.252,2.694,1
2025-10-20 15:40:20,22708.738494856523,11752.042588960494,8121.413495982186,42582.19457979921,0.533,0.276,0.191,1.932,2.796,0.691,1
2025-10-20 15:40:21,17970.454155955442,17924.37606837607,5114.381173027679,41009.21139735919,0.438,0.437,0.125,1.003,3.514,0.285,1
2025-10-20 15:40:22,16670.524642289347,8374.371568333832,6821.115628557489,31866.011839180668,0.523,0.263,0.214,1.991,2.444,0.815,1
2025-10-20 15:40:23,7036.242241234692,4150.721425037111,4374.53483521068,15561.498501482485,0.452,0.267,0.281,1.695,1.608,1.054,1
2025-10-20 15:40:23,4763.277497018908,3564.160435078178,4317.792876261066,12645.230808358154,0.377,0.282,0.341,1.336,1.103,1.211,1
2025-10-20 15:40:24,5478.811312128535,3675.6673385329946,4227.91593165667,13382.3945823182,0.409,0.275,0.316,1.491,1.296,1.15,1
2025-10-20 15:40:25,5559.419444628537,3706.3615075332477,4258.608995837141,13524.389947998927,0.411,0.274,0.315,1.5,1.305,1.149,1
2025-10-20 15:40:26,5295.838383838384,3249.257466010768,4172.814007859523,12717.909857708677,0.416,0.255,0.328,1.63,1.269,1.284,1
2025-10-20 15:40:27,5571.9747592162075,3657.7169268335224,4251.917481879466,13481.609167929197,0.413,0.271,0.315,1.523,1.31,1.162,1
2025-10-20 15:40:28,5357.394303231575,3637.731136166522,4025.8232951000623,13020.948734498159,0.411,0.279,0.309,1.473,1.331,1.107,1
2025-10-20 15:40:29,2893.0224858601186,2832.745078175126,4019.4575946334453,9745.22515866869,0.297,0.291,0.412,1.021,0.72,1.419,1
2025-10-20 15:40:30,4436.06980433633,3238.719740550558,4370.204740817921,12044.994285704808,0.368,0.269,0.363,1.37,1.015,1.349,1
2025-10-20 15:40:31,5609.983280946967,3564.9177680506564,4085.6263393726867,13260.527388370312,0.423,0.269,0.308,1.574,1.373,1.146,1
2025-10-20 15:40:32,5407.469863985045,2946.369288047487,4125.81546330907,12479.654615341602,0.433,0.236,0.331,1.835,1.311,1.4,1
2025-10-20 15:40:33,5128.1379141704365,3104.5921539600295,3899.864249186425,12132.59431731689,0.423,0.256,0.321,1.652,1.315,1.256,1
2025-10-20 15:40:34,4935.055888928109,3626.408438526716,4136.802446000592,12698.266773455416,0.389,0.286,0.326,1.361,1.193,1.141,1
2025-10-20 15:40:35,9665.40845719553,21581.188577308978,40900.08776206728,72146.68479657179,0.134,0.299,0.567,0.448,0.236,1.895,1
2025-10-20 15:40:36,8466.499798142915,5697.621408680297,5382.8336755646815,19546.954882387894,0.433,0.291,0.275,1.486,1.573,0.945,1
2025-10-20 15:40:37,64977.59876065066,43577.184415584416,50382.03003003003,158936.8132062651,0.409,0.274,0.317,1.491,1.29,1.156,1
2025-10-20 15:40:38,98689.50588235294,61680.94117647059,58702.64520643807,219073.09226526163,0.45,0.282,0.268,1.6,1.681,0.952,1
2025-10-20 15:40:39,53601.329073482426,32780.805001953886,42886.543967280166,129268.67804271646,0.415,0.254,0.332,1.635,1.25,1.308,1
2025-10-20 15:40:40,65638.56025039124,43396.83393688567,47366.504799548275,156401.8989868252,0.42,0.277,0.303,1.513,1.386,1.091,1
2025-10-20 15:40:41,68089.35064935064,44150.56842105263,43351.97932816538,155591.89839856865,0.438,0.284,0.279,1.542,1.571,0.982,1
2025-10-20 15:40:42,69212.93729372937,44834.890432923574,48856.19103086779,162904.0187575207,0.425,0.275,0.3,1.544,1.417,1.09,1
2025-10-20 15:40:43,71636.27668659265,45294.8596112311,47743.92714854866,164675.0634463724,0.435,0.275,0.29,1.582,1.5,1.054,1
2025-10-20 15:40:44,74301.22232063774,45714.48501362398,46785.32069157836,166801.02802584006,0.445,0.274,0.28,1.625,1.588,1.023,1
2025-10-20 15:40:45,68366.81336593317,38657.179723502304,38321.64458656921,145345.63767600467,0.47,0.266,0.264,1.769,1.784,0.991,1
2025-10-20 15:40:46,31702.978080120938,14009.031396125585,14955.621322873953,60667.630799120474,0.523,0.231,0.247,2.263,2.12,1.068,1
2025-10-20 15:40:47,56871.918644067795,37566.53828929691,42625.0406504065,137063.4975837712,0.415,0.274,0.311,1.514,1.334,1.135,1
2025-10-20 15:40:48,67432.54019292604,42842.73748723187,46448.54928017719,156723.8269603351,0.43,0.273,0.296,1.574,1.452,1.084,1
2025-10-20 15:40:48,56718.10682893847,40820.47688564477,46811.42857142857,144350.01228601183,0.393,0.283,0.324,1.389,1.212,1.147,1
2025-10-20 15:40:49,68366.81336593317,43736.22523461939,46243.70452039691,158346.74312094948,0.432,0.276,0.292,1.563,1.478,1.057,1
2025-10-20 15:40:50,67814.13096200486,44220.39008961518,46707.1714922049,158741.69254382496,0.427,0.279,0.294,1.534,1.452,1.056,1
2025-10-20 15:40:51,49257.827363476215,45197.24137931035,47393.265536723164,141848.33427950973,0.347,0.319,0.334,1.09,1.039,1.049,1
2025-10-20 15:40:52,53532.9164007658,27324.456026058633,18687.03051904656,99544.40294587098,0.538,0.274,0.188,1.959,2.865,0.684,1
2025-10-20 15:40:53,14354.22313483915,7590.8135010406295,10563.667044452839,32508.70368033262,0.442,0.234,0.325,1.891,1.359,1.392,1
2025-10-20 15:40:54,28036.791443850267,2551.279805352798,3770.3303519259293,34358.40160112899,0.816,0.074,0.11,10.989,7.436,1.478,1
2025-10-20 15:40:55,5136.616251301206,3211.073342520288,3321.300233598606,11668.9898274201,0.44,0.275,0.285,1.6,1.547,1.034,1
2025-10-20 15:40:56,6467.202220337676,5609.983280946967,5352.9500350966755,17430.13553638132,0.371,0.322,0.307,1.153,1.208,0.954,1
2025-10-20 15:40:57,9650.952600092038,5211.286575138224,5447.501785830249,20309.74096106051,0.475,0.257,0.268,1.852,1.772,1.045,1
2025-10-20 15:40:58,14513.162629757786,13115.397123202001,10342.261126864752,37970.82087982454,0.382,0.345,0.272,1.107,1.403,0.789,1
2025-10-20 15:40:59,9141.900610287707,7729.298811388556,6836.12419525711,23707.323616933372,0.386,0.326,0.288,1.183,1.337,0.884,1
2025-10-20 15:41:00,9878.247762600095,8192.0,6587.049862583432,24657.297625183528,0.401,0.332,0.267,1.206,1.5,0.804,1
2025-10-20 15:41:01,9035.553640672124,7360.365008335527,6718.411020342784,23114.329669350434,0.391,0.318,0.291,1.228,1.345,0.913,1
2025-10-20 15:41:02,8748.15726353113,7338.472574577902,6051.513490116867,22138.1433282259,0.395,0.331,0.273,1.192,1.446,0.825,1
2025-10-20 15:41:03,8421.45166147977,7110.797660422141,6530.132336914215,22062.381658816128,0.382,0.322,0.296,1.184,1.29,0.918,1
2025-10-20 15:41:04,8431.609206955472,7102.970364098222,6373.353593678772,21907.933164732465,0.385,0.324,0.291,1.187,1.323,0.897,1
2025-10-20 15:41:05,8673.085194375517,4903.898047468724,6214.244018075413,19791.227259919655,0.438,0.248,0.314,1.769,1.396,1.267,1
2025-10-20 15:41:06,8273.604892001184,6898.526315789473,3866.0742925615264,19038.205500352182,0.435,0.362,0.203,1.199,2.14,0.56,1
2025-10-20 15:41:07,8092.425236349604,7093.960253699788,6147.301773413455,21333.68726346285,0.379,0.333,0.288,1.141,1.316,0.867,1
2025-10-20 15:41:08,8547.593234155289,7114.416080061063,6039.749442004464,21701.758756220817,0.394,0.328,0.278,1.201,1.415,0.849,1
2025-10-20 15:41:09,8480.194096239386,7204.232222603916,6204.591715976331,21889.018034819634,0.387,0.329,0.283,1.177,1.367,0.861,1
2025-10-20 15:41:10,8305.552475247525,7056.366083445491,6087.965744974236,21449.88430366725,0.387,0.329,0.284,1.177,1.364,0.863,1
2025-10-20 15:41:11,8156.950602878257,7109.592338333757,6053.69704842318,21320.239989635193,0.383,0.333,0.284,1.147,1.347,0.851,1
2025-10-20 15:41:12,7958.076083863011,6671.922373339697,5919.977417078335,20549.975874281045,0.387,0.325,0.288,1.193,1.344,0.887,1
2025-10-20 15:41:12,8214.46141793968,7038.603792582648,6411.348211556099,21664.413422078425,0.379,0.325,0.296,1.167,1.281,0.911,1
2025-10-20 15:41:13,6681.487853444843,7336.547140108449,6465.208477842004,20483.243471395293,0.326,0.358,0.316,0.911,1.033,0.881,1
2025-10-20 15:41:14,6958.613023641642,7375.248813082469,6474.689719049089,20808.5515557732,0.334,0.354,0.311,0.944,1.075,0.878,1
2025-10-20 15:41:15,9022.919221254167,6441.873752111811,6982.941813035878,22447.734786401856,0.402,0.287,0.311,1.401,1.292,1.084,1
2025-10-20 15:41:16,11100.447267434167,7086.1699611420845,5630.694052893005,23817.311281469258,0.466,0.298,0.236,1.566,1.971,0.795,1
2025-10-20 15:41:17,15400.41857903433,11394.468894322195,11337.488849844574,38132.3763232011,0.404,0.299,0.297,1.352,1.358,0.995,1
2025-10-20 15:41:18,13123.60450563204,9501.198323705969,10956.907001044932,33581.70983038294,0.391,0.283,0.326,1.381,1.198,1.153,1
2025-10-20 15:41:19,14193.922165820642,10267.574051407588,7586.694401736457,32048.19061896469,0.443,0.32,0.237,1.382,1.871,0.739,1
2025-10-20 15:41:20,7414.360968711331,6910.460499217398,5862.879507967571,20187.700975896303,0.367,0.342,0.29,1.073,1.265,0.848,1
2025-10-20 15:41:21,12975.418406805878,8308.020204020997,8787.56337733082,30071.001988157695,0.431,0.276,0.292,1.562,1.477,1.058,1
2025-10-20 15:41:22,15087.424460431655,10186.530661809351,9742.86643437863,35016.82155661964,0.431,0.291,0.278,1.481,1.549,0.956,1
2025-10-20 15:41:23,12969.400123685838,10017.444470981609,9414.823793490461,32401.66838815791,0.4,0.309,0.291,1.295,1.378,0.94,1
2025-10-20 15:41:24,13298.36398224477,10087.311207311208,9466.886355941768,32852.561545497745,0.405,0.307,0.288,1.318,1.405,0.938,1
2025-10-20 15:41:25,13111.297280400126,10319.360314921885,9471.161792932144,32901.81938825415,0.398,0.314,0.288,1.271,1.384,0.918,1
2025-10-20 15:41:26,12852.164853684695,10248.757483200978,9728.178128261627,32829.1004651473,0.391,0.312,0.296,1.254,1.321,0.949,1
2025-10-20 15:41:27,12089.073353509151,9882.902921771913,8483.624595469255,30455.60087075032,0.397,0.325,0.279,1.223,1.425,0.858,1
2025-10-20 15:41:28,13160.665202384687,10805.884323070977,12090.815797059671,36057.36532251534,0.365,0.3,0.335,1.218,1.088,1.119,1
2025-10-20 15:41:29,30481.86046511628,8005.924794808169,7487.154587647269,45974.93984757172,0.663,0.174,0.163,3.807,4.071,0.935,1
2025-10-20 15:41:30,15566.168120244944,32488.79938032533,35439.83100971694,83494.79851028722,0.186,0.389,0.424,0.479,0.439,1.091,1
2025-10-20 15:41:31,30817.810433504776,20727.966394860392,30783.88256880734,82329.65939717251,0.374,0.252,0.374,1.487,1.001,1.485,1
2025-10-20 15:41:32,18766.460850111856,28474.568906992532,59747.92022792023,106988.94998502462,0.175,0.266,0.558,0.659,0.314,2.098,1
2025-10-20 15:41:33,88580.86589229145,53773.1282051282,53980.74646074646,196334.74055816612,0.451,0.274,0.275,1.647,1.641,1.004,1
2025-10-20 15:41:34,28474.568906992532,18375.92113910186,19897.07779886148,66747.56784495586,0.427,0.275,0.298,1.55,1.431,1.083,1
2025-10-20 15:41:34,21514.767889202358,13175.134286163027,13525.649790390196,48215.551965755585,0.446,0.273,0.281,1.633,1.591,1.027,1
2025-10-20 15:41:35,68422.57748776508,37532.92170022371,39983.832221163015,145939.3314091518,0.469,0.257,0.274,1.823,1.711,1.065,1
2025-10-20 15:41:36,51056.65246500304,31219.233345738743,34749.82601491301,117025.71182565478,0.436,0.267,0.297,1.635,1.469,1.113,1
2025-10-20 15:41:37,66313.10671936758,40880.1559454191,43781.87891440501,150975.1415791917,0.439,0.271,0.29,1.622,1.515,1.071,1
2025-10-20 15:41:38,59705.39501779359,38621.58379373849,38479.85321100918,136806.83202254126,0.436,0.282,0.281,1.546,1.552,0.996,1
2025-10-20 15:41:39,63262.503770739066,38962.415234556436,41181.18802160039,143406.1070268959,0.441,0.272,0.287,1.624,1.536,1.057,1
2025-10-20 15:41:40,61862.890855457226,37499.365221278495,38182.10286754665,137544.35894428237,0.45,0.273,0.278,1.65,1.62,1.018,1
2025-10-20 15:41:41,58702.64520643807,39144.22771815212,41181.18802160039,139028.06094619058,0.422,0.282,0.296,1.5,1.425,1.052,1
2025-10-20 15:41:42,56036.12558450234,31956.601904761905,40098.5086042065,128091.23609347074,0.437,0.249,0.313,1.754,1.397,1.255,1
2025-10-20 15:41:43,22714.887625236934,12338.002647448155,10100.671884406984,45153.56215709207,0.503,0.273,0.224,1.841,2.249,0.819,1
2025-10-20 15:41:44,11455.152260002731,6167.187178356124,6795.146213041718,24417.48565140057,0.469,0.253,0.278,1.857,1.686,1.102,1
2025-10-20 15:41:45,9973.377719652835,6844.490861618799,7222.2195436935,24040.088124965136,0.415,0.285,0.3,1.457,1.381,1.055,1
2025-10-20 15:41:46,19266.440055121726,14041.861399397389,16326.601790579993,49634.90324509911,0.388,0.283,0.329,1.372,1.18,1.163,1
2025-10-20 15:41:47,15052.230396554818,12278.4074941452,12679.274486094317,40009.91237679434,0.376,0.307,0.317,1.226,1.187,1.033,1
2025-10-20 15:41:48,9019.038813030857,6156.324673418465,8039.685643089899,23215.04912953922,0.388,0.265,0.346,1.465,1.122,1.306,1
2025-10-20 15:41:49,23899.168091168092,13490.845931167578,13939.195746095049,51329.20976843072,0.466,0.263,0.272,1.772,1.715,1.033,1
2025-10-20 15:41:50,18481.18087684512,11467.68010936432,11187.794078420913,41136.65506463035,0.449,0.279,0.272,1.612,1.652,0.976,1
2025-10-20 15:41:51,15975.25804608646,10561.007176129926,10847.80550885814,37384.07073107453,0.427,0.283,0.29,1.513,1.473,1.027,1
2025-10-20 15:41:52,16987.865532604294,10496.256256256256,5857.557433140144,33341.67922200069,0.51,0.315,0.176,1.618,2.9,0.558,1
2025-10-20 15:41:53,16591.392405063292,9766.687623704738,10642.74042121289,37000.82044998092,0.448,0.264,0.288,1.699,1.559,1.09,1
2025-10-20 15:41:54,16393.60562829783,10660.322785614437,10611.774826059456,37665.70323997173,0.435,0.283,0.282,1.538,1.545,0.995,1
2025-10-20 15:41:55,14619.393516904845,10380.65585942334,10746.359210863438,35746.408587191625,0.409,0.29,0.301,1.408,1.36,1.035,1
2025-10-20 15:41:56,16393.60562829783,10589.002777076495,10553.03560196251,37535.644007336836,0.437,0.282,0.281,1.548,1.553,0.997,1
2025-10-20 15:41:56,16555.373988553383,10574.319929408799,10529.192920798292,37658.886838760474,0.44,0.281,0.28,1.566,1.572,0.996,1
2025-10-20 15:41:57,16021.023682200153,10434.889911680557,10337.163277880469,36793.07687176118,0.435,0.284,0.281,1.535,1.55,0.991,1
2025-10-20 15:41:58,15627.064083457526,10361.422924901186,10489.693635113168,36478.18064347188,0.428,0.284,0.288,1.508,1.49,1.012,1
2025-10-20 15:41:59,15569.0571640683,9881.738720697373,5746.802767691992,31197.598652457662,0.499,0.317,0.184,1.576,2.709,0.582,1
2025-10-20 15:42:00,13121.551697168778,9836.547842401502,9207.12106245198,32165.22060202226,0.408,0.306,0.286,1.334,1.425,0.936,1
2025-10-20 15:42:01,19845.299266619353,14131.752021563343,23603.286437816543,57580.33772599924,0.345,0.245,0.41,1.404,0.841,1.67,1
2025-10-20 15:42:02,35726.60988074957,20846.44135188867,13911.456053067994,70484.50728570623,0.507,0.296,0.197,1.714,2.568,0.667,1
2025-10-20 15:42:03,33838.676885841065,21199.41369724539,22116.02425520696,77154.1148382934,0.439,0.275,0.287,1.596,1.53,1.043,1
2025-10-20 15:42:04,34952.53333333333,19182.7303910359,14561.02759937511,68696.29132374434,0.509,0.279,0.212,1.822,2.4,0.759,1
2025-10-20 15:42:05,12019.785069494197,9917.956963821234,11637.913429522752,33575.655462838185,0.358,0.295,0.347,1.212,1.033,1.173,1
2025-10-20 15:42:06,15560.393248005936,8062.093224411341,9285.59663493469,32908.083107351966,0.473,0.245,0.282,1.93,1.676,1.152,1
2025-10-20 15:42:07,5659.183701005195,4436.304405309641,4482.291210259151,14577.779316573986,0.388,0.304,0.307,1.276,1.263,1.01,1
2025-10-20 15:42:08,6101.693337212685,3989.256229788853,4357.265738624558,14448.215305626098,0.422,0.276,0.302,1.53,1.4,1.092,1
2025-10-20 15:42:09,5833.118698282456,4155.656395521649,4028.7234655652674,14017.498559369371,0.416,0.296,0.287,1.404,1.448,0.969,1
2025-10-20 15:42:10,6057.194021228969,4038.42095128057,6460.727048675292,16556.34202118483,0.366,0.244,0.39,1.5,0.938,1.6,1
2025-10-20 15:42:11,7954.303053290347,4571.697640198376,4513.887214808437,17039.88790829716,0.467,0.268,0.265,1.74,1.762,0.987,1
2025-10-20 15:42:12,9451.952676056339,6842.257748776509,79.1382592731657,16373.348684106013,0.577,0.418,0.005,1.381,119.436,0.012,1
2025-10-20 15:42:13,18995.942028985508,11222.218060200668,144.69478822585793,30362.85487741203,0.626,0.37,0.005,1.693,131.283,0.013,1
2025-10-20 15:42:14,10718.895987733196,6015.926563396443,7276.724496877168,24011.54704800681,0.446,0.251,0.303,1.782,1.473,1.21,1
2025-10-20 15:42:15,11143.209351753454,6297.753753753754,6822.225113858165,24263.188219365373,0.459,0.26,0.281,1.769,1.633,1.083,1
2025-10-20 15:42:16,9612.24704938696,6702.3074464685205,6571.569134351743,22886.123630207225,0.42,0.293,0.287,1.434,1.463,0.98,1
2025-10-20 15:42:17,21426.84035759898,15224.33393829401,17829.134962805525,54480.309258698515,0.393,0.279,0.327,1.407,1.202,1.171,1
2025-10-20 15:42:18,38854.1361741547,25085.55023923445,26304.822828472876,90244.50924186202,0.431,0.278,0.291,1.549,1.477,1.049,1
2025-10-20 15:42:19,29402.762004907116,18216.304017372422,19982.39161505479,67601.45763733433,0.435,0.269,0.296,1.614,1.471,1.097,1
2025-10-20 15:42:20,25995.06662534862,17742.402707275804,16063.975488318652,59801.44482094308,0.435,0.297,0.269,1.465,1.618,0.905,1
2025-10-20 15:42:21,22339.834886817578,15084.711382844813,16936.418332323843,54360.96460198623,0.411,0.277,0.312,1.481,1.319,1.123,1
2025-10-20 15:42:22,28718.27456350565,19549.30785364717,25653.235474006116,73920.81789115893,0.389,0.264,0.347,1.469,1.119,1.312,1
2025-10-20 15:42:23,17626.829165791132,13113.346881350633,12019.785069494197,42759.96111663596,0.412,0.307,0.281,1.344,1.466,0.917,1
2025-10-20 15:42:24,16294.887334887335,8059.769408147578,8303.908137002574,32658.564880037487,0.499,0.247,0.254,2.022,1.962,1.03,1
2025-10-20 15:42:25,15759.173398459516,10926.935000651296,9469.02359182752,36155.13199093833,0.436,0.302,0.262,1.442,1.664,0.867,1
2025-10-20 15:42:26,16807.469445001003,11715.932960893855,14261.489289357361,42784.89169525222,0.393,0.274,0.333,1.435,1.179,1.217,1
2025-10-20 15:42:27,22017.343832020997,14361.595617188837,14122.23569023569,50501.17513944553,0.436,0.284,0.28,1.533,1.559,0.983,1
2025-10-20 15:42:28,29948.618350589077,18812.75622336847,20140.715486194476,68902.09006015203,0.435,0.273,0.292,1.592,1.487,1.071,1
2025-10-20 15:42:28,13934.564784053156,7772.987398072646,7461.846646504181,29169.398828629983,0.478,0.266,0.256,1.793,1.867,0.96,1
2025-10-20 15:42:29,13635.57867360208,8463.93703965291,8451.146483981463,30550.662197236452,0.446,0.277,0.277,1.611,1.613,0.998,1
2025-10-20 15:42:30,24869.87251704714,13826.616119993407,14063.047778709137,52759.53641574968,0.471,0.262,0.267,1.799,1.768,1.017,1
2025-10-20 15:42:31,31714.964083175804,21410.433894844307,21492.718421726877,74618.11639974698,0.425,0.287,0.288,1.481,1.476,1.004,1
2025-10-20 15:42:32,20580.490677134447,13851.730515191546,14889.258075967342,49321.47926829333,0.417,0.281,0.302,1.486,1.382,1.075,1
2025-10-20 15:42:33,20311.3995157385,13677.821620740258,15803.707611152977,49792.92874763173,0.408,0.275,0.317,1.485,1.285,1.155,1
2025-10-20 15:42:34,23770.495891187304,14642.359923197766,14048.91642940881,52461.77224379388,0.453,0.279,0.268,1.623,1.692,0.959,1
2025-10-20 15:42:35,19636.25468164794,12893.648939440516,12683.108557605081,45213.01217869354,0.434,0.285,0.281,1.523,1.548,0.984,1
2025-10-20 15:42:36,9669.865129682998,8501.68034863687,10207.602823071307,28379.14830139117,0.341,0.3,0.36,1.137,0.947,1.201,1
2025-10-20 15:42:37,15744.384384384384,9241.608460945246,7733.5742601641,32719.56710549373,0.481,0.282,0.236,1.704,2.036,0.837,1
2025-10-20 15:42:38,16787.288373023814,11149.133439659756,11605.711123408964,39542.13293609253,0.425,0.282,0.294,1.506,1.446,1.041,1
2025-10-20 15:42:39,19108.44646924829,11997.437070938215,11798.323488045007,42904.20702823151,0.445,0.28,0.275,1.593,1.62,0.983,1
2025-10-20 15:42:40,16956.959773600163,11044.90849242923,9338.314594233552,37340.18286026295,0.454,0.296,0.25,1.535,1.816,0.845,1
2025-10-20 15:42:41,9370.65236818588,9249.760723343257,11129.903144487196,29750.316236016333,0.315,0.311,0.374,1.013,0.842,1.203,1
2025-10-20 15:42:42,8184.806322568055,7551.181924565667,10253.768487959907,25989.75673509363,0.315,0.291,0.395,1.084,0.798,1.358,1
2025-10-20 15:42:43,16070.130268199233,10587.666288022214,10845.00064641241,37502.797202633854,0.429,0.282,0.289,1.518,1.482,1.024,1
2025-10-20 15:42:44,14849.722074703488,7853.031267552893,8027.376076555024,30730.129418811404,0.483,0.256,0.261,1.891,1.85,1.022,1
2025-10-20 15:42:45,15207.773749093547,9262.016120128077,9354.977138396342,33824.767007617964,0.45,0.274,0.277,1.642,1.626,1.01,1
2025-10-20 15:42:46,15896.547280651885,9808.942937324602,10466.135995009357,36171.626212985844,0.439,0.271,0.289,1.621,1.519,1.067,1
2025-10-20 15:42:47,13419.625659894416,10517.311935807422,11866.753430471072,35803.691026172906,0.375,0.294,0.331,1.276,1.131,1.128,1
2025-10-20 15:42:48,13391.775223499362,10884.401193719996,11216.216071667335,35492.39248888669,0.377,0.307,0.316,1.23,1.194,1.03,1
2025-10-20 15:42:49,18244.036537625056,11876.834206427864,12221.165501165502,42342.03624521842,0.431,0.28,0.289,1.536,1.493,1.029,1
2025-10-20 15:42:51,0.0,24.275479520278598,41922.07896051974,41946.35444004002,0.0,0.001,0.999,0.0,0.0,1726.931,1
2025-10-20 15:42:53,75.27283527768081,32201.95009596929,32806.44505279625,65083.66798404322,0.001,0.495,0.504,0.002,0.002,1.019,1
2025-10-20 15:42:54,23669.887133182845,12973.411691927004,16487.044025157233,53130.34285026709,0.446,0.244,0.31,1.824,1.436,1.271,1
2025-10-20 15:42:54,28886.391184573004,19030.417422867515,22900.922740922742,70817.73134836326,0.408,0.269,0.323,1.518,1.261,1.203,1
2025-10-20 15:42:55,34749.82601491301,22782.748506246604,23269.370319001388,80801.944840161,0.43,0.282,0.288,1.525,1.493,1.021,1
2025-10-20 15:42:56,34351.38411138411,20615.895797493242,22316.06278265496,77283.3426915323,0.444,0.267,0.289,1.666,1.539,1.082,1
2025-10-20 15:42:57,32066.544342507645,21296.288398070577,23160.154610712314,76522.98735129053,0.419,0.278,0.303,1.506,1.385,1.088,1
2025-10-20 15:42:58,33893.36565656566,21071.61014820397,20595.64939847778,75560.6252032474,0.449,0.279,0.273,1.608,1.646,0.977,1
2025-10-20 15:42:59,37003.123070136746,22399.487316421895,24001.739628040057,83404.35001459869,0.444,0.269,0.288,1.652,1.542,1.072,1
2025-10-20 15:43:00,45172.90253096392,24535.26762211173,20208.643700313176,89916.81385338883,0.502,0.273,0.225,1.841,2.235,0.824,1
2025-10-20 15:43:01,33013.01849665486,23134.605626034197,29610.335333568655,85757.95945625771,0.385,0.27,0.345,1.427,1.115,1.28,1
2025-10-20 15:43:02,50412.307692307695,30327.57772957339,33104.21468034728,113844.10010222837,0.443,0.266,0.291,1.662,1.523,1.092,1
2025-10-20 15:43:03,48433.07159353349,29433.712280701755,32326.04238921002,110192.82626344527,0.44,0.267,0.293,1.645,1.498,1.098,1
2025-10-20 15:43:04,45964.975342465754,28936.212487064506,32909.40761082777,107810.59544035804,0.426,0.268,0.305,1.588,1.397,1.137,1
2025-10-20 15:43:05,50351.7887154862,25763.538083538082,23537.05948372615,99652.38628275042,0.505,0.259,0.236,1.954,2.139,0.914,1
2025-10-20 15:43:06,30415.547498187094,28777.385934819897,30897.267034990793,90090.20046799778,0.338,0.319,0.343,1.057,0.984,1.074,1
2025-10-20 15:43:07,42646.71072699542,29694.18761061947,31762.99886406664,104103.89720168154,0.41,0.285,0.305,1.436,1.343,1.07,1
2025-10-20 15:43:08,47286.40360766629,30174.84892086331,33052.04097714736,110513.29350567696,0.428,0.273,0.299,1.567,1.431,1.095,1
2025-10-20 15:43:09,41445.691699604744,32103.3601224646,33621.6753507014,107170.72717277074,0.387,0.3,0.314,1.291,1.233,1.047,1
2025-10-20 15:43:10,53464.678138942,36157.793103448275,40800.622568093386,130423.09381048367,0.41,0.277,0.313,1.479,1.31,1.128,1
2025-10-20 15:43:11,59116.33544749824,33314.56711675933,39756.43601895735,132187.3385832149,0.447,0.252,0.301,1.774,1.487,1.193,1
2025-10-20 15:43:12,54436.13238157041,39016.78139534884,41901.13886113886,135354.0526380581,0.402,0.288,0.31,1.395,1.299,1.074,1
2025-10-20 15:43:13,59367.3602264685,40002.89938006676,46345.900552486186,145716.16015902144,0.407,0.275,0.318,1.484,1.281,1.159,1
2025-10-20 15:43:14,59493.67375886525,40920.039024390244,44882.86784376672,145296.58062702222,0.409,0.282,0.309,1.454,1.326,1.097,1
2025-10-20 15:43:15,60831.09499637419,33104.21468034728,29506.183608863877,123441.49328558534,0.493,0.268,0.239,1.838,2.062,0.891,1
2025-10-20 15:43:15,47771.11617312073,29464.727783631894,29464.727783631894,106700.57174038452,0.448,0.276,0.276,1.621,1.621,1.0,1
2025-10-20 15:43:18,41486.68644906033,0.0,0.0,41486.68644906033,1.0,0.0,0.0,0,0,0,1
2025-10-20 15:43:22,0.0,0.0,0.0,0.0,0,0,0,0,0,0,1
2025-10-20 15:43:26,0.0,0.0,0.0,0.0,0,0,0,0,0,0,1
2025-10-20 15:43:30,0.0,0.0,0.0,0.0,0,0,0,0,0,0,1
2025-10-20 15:43:34,0.0,0.0,0.0,0.0,0,0,0,0,0,0,1
2025-10-20 15:43:38,0.0,0.0,0.0,0.0,0,0,0,0,0,0,1
2025-10-20 15:43:41,0.0,23.67782428195456,41859.32135728543,41882.999181567386,0.0,0.001,0.999,0.0,0.0,1767.87,1
2025-10-20 15:43:42,4485.646756857922,48321.47465437788,54400.83009079118,107207.95150202699,0.042,0.451,0.507,0.093,0.082,1.126,1
2025-10-20 15:43:43,50.870478280037815,41262.21347761928,37183.54609929078,78496.63005519011,0.001,0.526,0.474,0.001,0.001,0.901,1
2025-10-20 15:43:44,50901.74757281553,29147.35232800556,30120.675044883305,110169.7749457044,0.462,0.265,0.273,1.746,1.69,1.033,1
2025-10-20 15:43:45,47100.55025266704,28055.54515050167,23981.154945683247,99137.25034885196,0.475,0.283,0.242,1.679,1.964,0.855,1
2025-10-20 15:43:46,21845.333333333332,13662.228013029317,13499.530093337624,49007.09143970028,0.446,0.279,0.275,1.599,1.618,0.988,1
2025-10-20 15:43:47,18876.255625562557,16946.68282828283,14174.73470767151,49997.6731615169,0.378,0.339,0.284,1.114,1.332,0.836,1
2025-10-20 15:43:48,29127.11111111111,13794.783752672258,12108.267898383372,55030.16276216674,0.529,0.251,0.22,2.111,2.406,0.878,1
2025-10-20 15:43:49,19008.855653750285,11641.143491534833,13575.996115876356,44225.99526116147,0.43,0.263,0.307,1.633,1.4,1.166,1
2025-10-20 15:43:50,31571.72751223184,23014.013717421123,21372.24968152866,75957.99091118162,0.416,0.303,0.281,1.372,1.477,0.929,1
2025-10-20 15:43:51,23224.274640088595,16067.052288833556,16974.115742614325,56265.442671536475,0.413,0.286,0.302,1.445,1.368,1.056,1
2025-10-20 15:43:52,26947.02216511404,16912.516129032258,18509.726390114738,62369.264684261034,0.432,0.271,0.297,1.593,1.456,1.094,1
2025-10-20 15:43:53,29248.981868898187,19235.514790185738,20992.512512512512,69477.00917159644,0.421,0.277,0.302,1.521,1.393,1.091,1
2025-10-20 15:43:54,30761.305463879722,19640.852259424024,21547.927048548678,71950.08477185242,0.428,0.273,0.299,1.566,1.428,1.097,1
2025-10-20 15:43:55,33065.068979109186,24049.908256880735,26354.407791391768,83469.3850273817,0.396,0.288,0.316,1.375,1.255,1.096,1
2025-10-20 15:43:56,40603.136495643754,27795.255135851556,32806.44505279625,101204.83668429156,0.401,0.275,0.324,1.461,1.238,1.18,1
2025-10-20 15:43:57,55998.71829105474,30727.50183150183,31429.778943424502,118155.99906598109,0.474,0.26,0.266,1.822,1.782,1.023,1
2025-10-20 15:43:58,47393.265536723164,31324.152352501867,33662.15088282504,112379.56877205007,0.422,0.279,0.3,1.513,1.408,1.075,1
2025-10-20 15:43:59,49142.40187463386,28728.109589041094,31536.120300751878,109406.63176442683,0.449,0.263,0.288,1.711,1.558,1.098,1
2025-10-20 15:44:00,45590.260869565216,23750.30577576444,30077.47579777698,99418.04244310663,0.459,0.239,0.303,1.92,1.516,1.266,1
2025-10-20 15:44:00,54260.07761966365,34253.197223356474,30338.54611211573,118851.82095513586,0.457,0.288,0.255,1.584,1.788,0.886,1
2025-10-20 15:44:01,54613.333333333336,37035.796909492274,40213.844678811125,131862.97492163672,0.414,0.281,0.305,1.475,1.358,1.086,1
2025-10-20 15:44:02,50231.18562874252,25236.486161251505,24759.763872491145,100227.43566248516,0.501,0.252,0.247,1.99,2.029,0.981,1
2025-10-20 15:44:03,24105.19540229885,16425.705893871156,18884.75461503827,59415.655911208276,0.406,0.276,0.318,1.468,1.276,1.15,1
2025-10-20 15:44:04,27758.46459298478,18906.03560964616,19333.044480295,65997.54468292595,0.421,0.286,0.293,1.468,1.436,1.023,1
2025-10-20 15:44:05,28737.951353203152,18444.608619173265,19052.0281626164,66234.58813499281,0.434,0.278,0.288,1.558,1.508,1.033,1
2025-10-20 15:44:06,24350.09579100145,16393.60562829783,17091.70334148329,57835.40476078257,0.421,0.283,0.296,1.485,1.425,1.043,1
2025-10-20 15:44:07,24869.87251704714,16200.478949401313,16737.04708699122,57807.39855343968,0.43,0.28,0.29,1.535,1.486,1.033,1
2025-10-20 15:44:08,22239.15164369035,12903.565605291493,12641.060880048222,47783.77812903007,0.465,0.27,0.265,1.723,1.759,0.98,1
2025-10-20 15:44:09,19719.341795956745,12642.966088922381,13084.710653564187,45447.01853844331,0.434,0.278,0.288,1.56,1.507,1.035,1
2025-10-20 15:44:10,16285.397010289264,9385.330051465653,9695.570966250578,35366.29802800549,0.46,0.265,0.274,1.735,1.68,1.033,1
2025-10-20 15:44:11,14813.01077167579,9582.599954306603,9969.82172569527,34365.43245167766,0.431,0.279,0.29,1.546,1.486,1.04,1
2025-10-20 15:44:12,14868.146047500886,9761.005352571561,9928.521718546574,34557.67311861902,0.43,0.282,0.287,1.523,1.498,1.017,1
2025-10-20 15:44:13,14942.301389383683,9930.87249911211,10402.539682539682,35275.71357103548,0.424,0.282,0.295,1.505,1.436,1.047,1
2025-10-20 15:44:14,14473.098688750862,10004.302921884317,10137.290634441088,34614.692245076265,0.418,0.289,0.293,1.447,1.428,1.013,1
2025-10-20 15:44:15,14581.275856075092,9725.92231884058,10432.294490734983,34739.49266565065,0.42,0.28,0.3,1.499,1.398,1.073,1
2025-10-20 15:44:16,14002.016357870138,9537.92836839113,10053.461169702781,33593.405895964046,0.417,0.284,0.299,1.468,1.393,1.054,1
2025-10-20 15:44:17,17947.385537013266,11532.317844377234,10252.515277438279,39732.21865882878,0.452,0.29,0.258,1.556,1.751,0.889,1
2025-10-20 15:44:18,13916.071665560718,8437.545765439549,9153.871671759058,31507.489102759326,0.442,0.268,0.291,1.649,1.52,1.085,1
2025-10-20 15:44:19,10168.009696969697,6311.969902182092,7043.923083382316,23523.902682534106,0.432,0.268,0.299,1.611,1.444,1.116,1
2025-10-20 15:44:20,12024.954128440368,8458.816174246243,9334.158228552353,29817.928531238962,0.403,0.284,0.313,1.422,1.288,1.103,1
2025-10-20 15:44:21,11878.516001132824,7586.694401736457,8723.59400998336,28188.80441285264,0.421,0.269,0.309,1.566,1.362,1.15,1
2025-10-20 15:44:22,11915.636363636364,7910.795926065635,8363.517447657028,28189.949737359027,0.423,0.281,0.297,1.506,1.425,1.057,1
2025-10-20 15:44:22,12681.191232048375,7249.056342896647,7320.54105942927,27250.788634374294,0.465,0.266,0.269,1.749,1.732,1.01,1
2025-10-20 15:44:23,9204.090410357692,6516.942200124301,6943.637116132771,22664.669726614764,0.406,0.288,0.306,1.412,1.326,1.065,1
2025-10-20 15:46:50,18517.898454746137,11184.810666666666,12999.547497288084,42702.256618700885,0.434,0.262,0.304,1.656,1.425,1.162,0
2025-10-20 15:46:52,18059.435952637243,11346.690112268361,12931.413596423616,42337.539661329225,0.427,0.268,0.305,1.592,1.397,1.14,0
2025-10-20 15:46:53,18534.264250994256,10804.492529623905,12522.179429765636,41860.9362103838,0.443,0.258,0.299,1.715,1.48,1.159,0
